-- phpMyAdmin SQL Dump
-- version 5.2.0
-- https://www.phpmyadmin.net/
--
-- Host: 127.0.0.1
-- Generation Time: Jan 20, 2024 at 02:48 AM
-- Server version: 10.4.27-MariaDB
-- PHP Version: 7.4.33

SET SQL_MODE = "NO_AUTO_VALUE_ON_ZERO";
START TRANSACTION;
SET time_zone = "+00:00";


/*!40101 SET @OLD_CHARACTER_SET_CLIENT=@@CHARACTER_SET_CLIENT */;
/*!40101 SET @OLD_CHARACTER_SET_RESULTS=@@CHARACTER_SET_RESULTS */;
/*!40101 SET @OLD_COLLATION_CONNECTION=@@COLLATION_CONNECTION */;
/*!40101 SET NAMES utf8mb4 */;

--
-- Database: `icc_student_portal`
--

-- --------------------------------------------------------

--
-- Table structure for table `access_role`
--

CREATE TABLE `access_role` (
  `access_role_id` int(8) NOT NULL,
  `access_role_name` varchar(60) NOT NULL
) ENGINE=InnoDB DEFAULT CHARSET=utf8mb4 COLLATE=utf8mb4_general_ci;

--
-- Dumping data for table `access_role`
--

INSERT INTO `access_role` (`access_role_id`, `access_role_name`) VALUES
(1, 'Teacher'),
(2, 'Program Head'),
(3, 'Registrar'),
(4, 'MIS');

-- --------------------------------------------------------

--
-- Table structure for table `course`
--

CREATE TABLE `course` (
  `course_id` int(11) NOT NULL,
  `course_code` varchar(8) NOT NULL,
  `course_name` varchar(60) NOT NULL
) ENGINE=InnoDB DEFAULT CHARSET=utf8mb4 COLLATE=utf8mb4_general_ci;

--
-- Dumping data for table `course`
--

INSERT INTO `course` (`course_id`, `course_code`, `course_name`) VALUES
(1, 'BSCS', 'Bachelor of Science in Computer Science'),
(2, 'BSIT', 'Bachelor of Science in Information Technology');

-- --------------------------------------------------------

--
-- Table structure for table `employee`
--

CREATE TABLE `employee` (
  `employee_id` int(8) NOT NULL,
  `employee_number` varchar(9) NOT NULL,
  `first_name` varchar(60) NOT NULL,
  `middle_name` varchar(60) NOT NULL,
  `last_name` varchar(60) NOT NULL,
  `course_id` int(11) NOT NULL
) ENGINE=InnoDB DEFAULT CHARSET=utf8mb4 COLLATE=utf8mb4_general_ci;

--
-- Dumping data for table `employee`
--

INSERT INTO `employee` (`employee_id`, `employee_number`, `first_name`, `middle_name`, `last_name`, `course_id`) VALUES
(1, '9999-9999', 'John', 'Doe', 'Doe', 0),
(2, '9998-0000', 'Mark', 'Red', 'Blue', 0),
(3, '0010-0000', 'Tan', 'MIS', 'Pariente', 0),
(4, '0020-0000', 'Program', 'M', 'Head', 1),
(5, '0030-0000', 'Program', 'Head', 'BSIT', 2),
(6, '0040-0000', 'Registrar', '', 'Registrar', 0),
(7, '0050-0000', 'Eleziel', '', 'Cantimbuhan', 0);

-- --------------------------------------------------------

--
-- Table structure for table `employee_user`
--

CREATE TABLE `employee_user` (
  `employee_user_id` int(8) NOT NULL,
  `employee_id` int(8) NOT NULL,
  `access_role_id` int(8) NOT NULL,
  `password` tinytext NOT NULL
) ENGINE=InnoDB DEFAULT CHARSET=utf8mb4 COLLATE=utf8mb4_general_ci;

--
-- Dumping data for table `employee_user`
--

INSERT INTO `employee_user` (`employee_user_id`, `employee_id`, `access_role_id`, `password`) VALUES
(6, 1, 1, '202cb962ac59075b964b07152d234b70'),
(9, 2, 1, '202cb962ac59075b964b07152d234b70'),
(10, 0, 0, 'd41d8cd98f00b204e9800998ecf8427e'),
(11, 3, 4, '202cb962ac59075b964b07152d234b70'),
(13, 4, 2, '202cb962ac59075b964b07152d234b70'),
(14, 5, 2, '202cb962ac59075b964b07152d234b70'),
(16, 6, 3, '202cb962ac59075b964b07152d234b70'),
(17, 7, 3, '202cb962ac59075b964b07152d234b70');

-- --------------------------------------------------------

--
-- Table structure for table `grade_remarks`
--

CREATE TABLE `grade_remarks` (
  `grade_remarks_id` int(8) NOT NULL,
  `grade_remarks_name` varchar(60) NOT NULL
) ENGINE=InnoDB DEFAULT CHARSET=utf8mb4 COLLATE=utf8mb4_general_ci;

--
-- Dumping data for table `grade_remarks`
--

INSERT INTO `grade_remarks` (`grade_remarks_id`, `grade_remarks_name`) VALUES
(1, 'Passed'),
(2, 'Failed'),
(3, 'Incomplete'),
(4, 'Drop');

-- --------------------------------------------------------

--
-- Table structure for table `schedule`
--

CREATE TABLE `schedule` (
  `schedule_id` int(8) NOT NULL,
  `employee_id` int(8) NOT NULL,
  `subject_id` int(8) NOT NULL,
  `schedule_remarks` varchar(60) NOT NULL,
  `room_remarks` varchar(60) NOT NULL,
  `year_level` int(1) NOT NULL,
  `section_id` int(8) NOT NULL,
  `semester` int(1) NOT NULL
) ENGINE=InnoDB DEFAULT CHARSET=utf8mb4 COLLATE=utf8mb4_general_ci;

--
-- Dumping data for table `schedule`
--

INSERT INTO `schedule` (`schedule_id`, `employee_id`, `subject_id`, `schedule_remarks`, `room_remarks`, `year_level`, `section_id`, `semester`) VALUES
(1, 1, 1, 'Tue, 8:00AM - 9:00AM', '(Online)', 1, 1, 1),
(2, 2, 2, 'Wed, 9:00PM-10:00PM', '(Online)', 2, 2, 1);

-- --------------------------------------------------------

--
-- Table structure for table `section`
--

CREATE TABLE `section` (
  `section_id` int(8) NOT NULL,
  `section_name` varchar(60) NOT NULL,
  `course_id` int(8) NOT NULL
) ENGINE=InnoDB DEFAULT CHARSET=utf8mb4 COLLATE=utf8mb4_general_ci;

--
-- Dumping data for table `section`
--

INSERT INTO `section` (`section_id`, `section_name`, `course_id`) VALUES
(1, 'BSCS1-A', 1),
(2, 'BSCS2_A', 1),
(3, 'BSIT1-A', 2);

-- --------------------------------------------------------

--
-- Table structure for table `students`
--

CREATE TABLE `students` (
  `student_id` int(8) NOT NULL,
  `student_number` varchar(9) NOT NULL,
  `first_name` varchar(60) NOT NULL,
  `middle_name` varchar(60) NOT NULL,
  `last_name` varchar(60) NOT NULL,
  `contact_number` varchar(11) NOT NULL,
  `email_address` varchar(60) NOT NULL,
  `year_level` int(1) NOT NULL,
  `section_id` int(8) NOT NULL,
  `course_id` int(8) NOT NULL,
  `picture` blob DEFAULT NULL
) ENGINE=InnoDB DEFAULT CHARSET=utf8mb4 COLLATE=utf8mb4_general_ci;

--
-- Dumping data for table `students`
--

INSERT INTO `students` (`student_id`, `student_number`, `first_name`, `middle_name`, `last_name`, `contact_number`, `email_address`, `year_level`, `section_id`, `course_id`, `picture`) VALUES
(1, '0000-0000', 'Jake', 'Jake', 'Lake', '09999999999', 'test@email.com', 1, 1, 1, NULL),
(2, '0001-0000', 'Karl', 'Ronquillo', 'Vargas', '09121231231', 'test@email', 1, 1, 1, NULL),
(3, '0002-0000', 'Jasper', 'Mercado', 'Garcia', '09123121223', 'asdasd@email.com', 1, 3, 2, NULL);
INSERT INTO `students` (`student_id`, `student_number`, `first_name`, `middle_name`, `last_name`, `contact_number`, `email_address`, `year_level`, `section_id`, `course_id`, `picture`) VALUES
(4, '0004-0000', 'Elmer', 'Gacang', 'Sulitas', '09566601915', 'elmer@gmail.com', 1, 1, 1, 0x89504e470d0a1a0a0000000d49484452000001f1000001f608060000006037b5c5000000017352474200aece1ce90000200049444154785eec7d09584debf7ffbbcf3ef339cdf32c9522249254a444293267ca3c13998928f3109194a14ca1089106524a2422a5689ea479388d679ef6ff39dddffdfe5da24145f7eef33cf7e9debbd7bbd6677dd6a9b5df692d08a01f9401940194019401940194813ec900d42751a3a0510650065006500650065006009ac4d12f01ca00ca00ca00ca00ca401f65004de27d3470286c940194019401940194013489a3df01940194019401940194813eca009ac4fb68e050d828032803280328032803681247bf03280328032803280328037d94013489f7d1c0a1b051065006500650065006d0248e7e0750065006500650065006fa28036812efa3814361fffb18c8cfcf2754b158643e8d0bd3983c2d269d2ec9e5f0f08d4dcdfd990c06892744f0f4668652338349147005008200446f6e92e0f17914be4000893e1808020800100290ffffbb8d400802840008118020100261008031b000c60226558cd20460c0236070021295c8a650a8756432994124917962644a119e806753c5c94d5471ca173149193e895b4b1f316284c898f0df1701d4239481bec7009ac4fb5ecc50c47d9081a8f874550e83afd0d44257292b2bed5f5551a3406731955a3802e9163a43b6a1b15189c160908442215e284460814040e2f3f9309148c6f0f97c20fa07c6e0000cc3808f08010601004bc00381400010518a160a5b7f8a3e180ca6f5e7dfff0d89123b82b4ca8afe1d8bc5b6ca88c6884405421e805a13fcff9781615cab0e918c680c04413cd17f62b158369522c6959191aa14a392eba5a9c4520a91582d2621562a2b235d25232f592e2da794673756a7b60f8609858c32d0e7184093789f0b190af84f64203ebe98d8c86e54acababd1f95c5aa65f535dafc8a433541a9a9aa4986c9e4c4b334386c5e18a09050819411071003040081020100a45d3e2d644f9ff93f15fc9b635d1f2f98042a1f001005c8180c72310f04c1c0ecf130804104f284030180c934422d171389c5094705b133500108411a57951124684582cdc4a99c89668a68ec5c08027e063b85c2e41c8e34b220802c3308c110804780e8743000043802008c764b3459376d11c1e4010dc9af031186c2b4e1e8f07843c3e80c15f2f05582c4684978f8101138fc7d51389f8463c09ae959290a8935390ad969391ce5750562a515495cb258929554c315266fe89714431a10cf43506d024ded72286e2fdad0ca4a45490f3bee48c2c2fad5228afa38d2c2eadd6ae6d68d6a6d5d54b73b95c120441440403935a67c10806f0397c80c3115a139d0001ad336a8100694dd2388c4048c6212c3112b6565c5cac924820d389245c25854a668b89511954316235018b134a4a4ad4108858068cc50aa912a42a7131891608205884cbe32bc9c8550d1fdeb5596f7c71319151d8a22c807918ac10e271980cc98626960297cbc6f3b83c6213832927e07309cd2d744a6353933c9dde22c96271a4592c961483c15062b104b22c369e2a146231a217120411fcb512004300c07fad08b0d94c80c7e35b5f05f842d10b86908dc5e11852929274795989cf2aca3219aaf272996aaa4a9f3434750a2d8d35ab7e6b8051e328037d8c013489f7b180a1707b9781c4c41cb1fc8a2a93fcfc42b3e2cf5f065694570ea4d3998a3c1e4f92c5e3e3780003100cdc9a94ff5e7e16253318b4ce5cd958186e1108044d64228926ab2047939796ad9692922e5151512a535490fd42c6719b24c448758a922a55234628b1fbc25e734808024b4824c9307818195a3d57a991ce52acaeadd1a8aaaed6a8ada6a93734d62b36b730a4d96cb618994c96e4f279184408010c0c80e8a70020ad337808234afc7c80c741000b63996432be5a5549e9a35a3fb54f03b4fba76b6aa8bfb41d3ba8b277238e5a4319e85b0ca049bc6fc50b45db830c3c7bf641a5a8a2aa7ffee7927185054506953575ba6c364f9ac5e2c971393c9c68291903e14587c35a97ad8508174080c3169720d74b4b489550a8e4062a85582b2b275daeac2057292325fd5951513693dd64fcc5d111fa6b9afa1ffa242797c9e496141a9497950daaa9aa556d6aa64bd737342ab630586a6c3a4391d6cc90e408b1443ec00018122dc7430008f94028e001021e032814320306029ab2b27cd600edfea9da5afd93fa69aa64d8580c29fd0fd188ba8a32f05306d0248e7e41feb30c3c8a4ed67cfd2a75624d6d9d41496999614d5d9d1a97c393c560618228610b2100f83cd1e12fd1ce30860b00544780f1b55252d2151afdfa95686828e70cd052c99696162f24610697585a42a2bd6bf4d30106e253726569d58c7e8525b5faf98545438a0a8b741b1b1bb5d81c8eac90cf95451004c22048ebec1d0805ad2f4d7c3e171070389a9c9c5ca9ba86fa27250599745d3d8d8fcb164c8eee8049540465e05fc9009ac4ff9561459dfa9681cccc4cfcfbdcc601a5e5b543d3d3336d0a0b4b0c8408a2c8a0d31544cbdfa23d6c58341314ddc312f2596432b14e4a4a3c5f4359a9504242bc4cb39f5aa1f6008d147beb517928bb3dc7406c72b64c6156c198c2c2cf06553575eaf416a6725945a56e6363b33a0463610c8405bcff3b312f3a6700c3308f4824542a29c8e4ebea69250e1cd43f56554533cfc64cbba6e750a29a5106fe1c06d024fee7c40245d2cd0c443e7ba5f122297d726959b9515efe9711b4fa6615084390c6c278c017628080c701381c0c608c101009f83c0545f9d4c17ada1ff407eabdedafa5926f69a253d6cd9050755d60e065468954714199617efee7c15939b926a52565a64d7486069f8700184b6c3d2c0801d155380110f0390c021153a1a9a1f2494b533d6dacb971bca383656217cca2435006fa04036812ef13614241769481a8a854b9d7a9690b3e6664d95557d7ebd21a9a55b87c1e4c2412019680032c1643742f9a252e4ead1113a39669aaa9660f1cacf76a84d1d047b6a6faf51db583cafd3e0644870d3fe4e55965e715596566e58ea8ab6dd4e2707872783c01c608b1ad4befa2bd10d14f0a95d820272bf1494f57fb9599d9a820c769461f7f1f72d432ca40f7338026f1eee714d5d88b0c88fea0e77d291af9fefd47bbdcece2b1f50dcdaa5cb6404928fcab9809994c061c3e874326134b9494a553d535957275b4d4d3f4870e4eb41e3590d68b5051533dc48068a69e9d916f969d5d302cf753be496d6da31e970f6970393cace83c0316d7bab10e00c4a553a88482fedaaa49862386c50d19a4f17aa2f9f08a1e8285aa4519e81506d024de2b34a346ba9381a4a45252dcabf8952929e9134a2b68fa0c165781cbe593b1100660b1788001906899bc818887f3b4b5fb259a8e368cd2d39ef4023d78d69d51f87375210882b91cf4d228fd7dc69cf48f39a6cdcd0c03168b43021851019dffab6427bac70e83166545b9dc912387dd371c39fc8ea38d41f19feb158a0c65a06d06d0248e7e33fa0c03a1911f06c43f7fb1383525dd8e466b180cc1782c4c2003169b2dbaa7cda790f1755432f1b38a9252aab99971d4c6d5b6917dc63914688f3170fe7aece4e4b7a9b665a59543ebea689a4d2d0c258ce80a028908385c2e10424220462694e80ee81f6f6e3ef28ecb52fb273d0606558c32d0cd0ca049bc9b0945d5752f031703e2ec3333b3276466668faaa5350ce0f3f9d2adb5c3311880c763f9020c52aaa3d32f65f090412f07e90d889bef609cd9bd08506dff26066e47bc1e58585434323b2bdf342ba7c098c913e831d91c12014768dd7ee1b3d86c7939b9826183873c1ba0a59130719cc953030345c6bf8903d4977f17036812ff77c5f35fe1cd83a814adb89837ab53de665873b87c2d369b2d2e2a048ec3c30041780d0432317f808e66e6a0217a09d6a6d60f4c4c649aff158ea34ef43a03a72e3f98f9f2c59b695f4acb75594cde001e4720818308405441160b61783046983fc2c820d1da7aec8df98e26e829f75e8f106ab03d06d024de1e43e8f35e61e07664f28094e40ff3d2d33edad5d63669f3d882bfae82f1f9004780e8e2e2949c7e1aaa2f468e1a92606b39285a474787d32bc05023ff1906ae04465925bffb645990fbd99ad6d062c8e5080910166e9da1e308189694b444be96ae4682f918b347cb668e8efdcf10833afa47338026f13f3a3cff7e705bf65d5c9d99953fb7aaaa4693c7e36b885a62b69634e50bf8542aa5507740ff3723478d08dbb276ca837f3f1ba8877f0a0397af3d9bf83af9fdb4b48cccd11ca160700b9d89e503a4f5b603c0408d62126285da3acab12b96ce3e3b71b81e7ac2fd4f09dc7f10079ac4ff8341ffdd2ea7a4a4e01e3cf9b83cfef99be52d74e110068b458020519b4c51972b6e8384043167f870fd5763c69984383958bffbdd7851fbff5d069e26a62a47c5be5c9792923196d6d462c86408a808c0023c910c2008016402c83335330ab1b5b2bc3ed552bfe0bfcb14eaf9ef62004de2bf8bf9ffa05d9fabe1e3925ebc5f525c543e92c9e4eaf204425828000026c034692972b6aeaee61b53f391a1fd476aa4596a6ab2ff8314fdd4e5b8c4b7fa55350dca4d4dcd326c3617e6b4b0646b2b6b28666346bd9931637c5c47f98a8e7e6bfae6edbbf10d349a3482f0091c1613e08918485c52a25a5656b6d2d8ccfc99e90834217dcba7ffddd8311f3f668fff989e675351553b5c2844f03c0102b01800f038cc97c18375634d8c86bc183ba25f90919111afa3f140e550067e85013489ff0a7be8d80e31e0713c60ddf384374bea6a1b07f07990049f27ea358d6790f0a0524b4731d162bcd943979533c23aa4ac8f0b45e5e713709fb90acdac6659a2987885bda57e87fb67ef723bbc332b33cfa8bcb2ce0081602a9fcb612e9ceb78ceda7af8354343c3c6f6a8b9f730ce2ee0f2e50de51515fdf47474f2a86262756a4aaa953000bcba865ad5ba7a9a785555a57263135d564a52a1d66cace5534b2bb30756e6fadf9df80f0ebe3b0e83210b6564d4cac68f1ff2b92fb4506d8f9fce3cf7f50f9a97f426dd3a27afc29cc515f4e77038583c16021c0e8b232d235130c6ccf8fe041bfb737663bbd6ebbd335850d9ff36036812ff6fc7bfc7bcbf19123be8e9f3c4a5a5a595561555b543384c0e4e54fa140f136a64a5653e1a190d8f1e6568103273e6f0921e03f107293ee1e53b31aff08b514b0b47bde873b9294070321880942d5830cb73e39a99f73a03d565c7c99371712f560cd6d78b09be7e62767b633f7e2c5208b87a73774aca7b3b4565a5cc05f3679f9de1d0f6ccbdb0b05ee2e9f304ebc791b12bcacb2bcd0904125b464efc75f8fdf30e5fdbb97f3f726ce29bf73629ef732d211c099690a2d4cac850ab15e5652b6564246aa425a4aa1455958bfac92b17e9ebabfd6bcbd9c6c7e7ca26be7bbbe0d59bb7936b6aeb8cb87c204967b25afbcb4b498ae50e1ca8fb74c488a1315b564c096f2f4ee8739481ae308026f1aeb0868ef92103be971f9b87473d732d28fc620c6389b2a2d3e5a27692140abebcbf9a72cc38d3d1c11bd74f79fa5fa670e6fc9d51691fb2279108382021862d70765eb961bea375870b8cdc8d481ee375d2e786b1b17e98f70957979f71999a5aabecbedfe3564151a1c108a3a14f6e5e3d31bfa3dcaf5c7730e0f59be4e5640a36efedcb87ba6d8d7370dc1156545ae100215cde2813a3005939b1ca9aaa3235269d29515fdfa8d658d7a4848120b6a29262b9aab242a58e8ee64b17e785973a8aa12fc9f95c0b7378f53add3e3ba77832830d94d95c1ec063b180cda273faa9c9674cb5b33cbf73c3ecab7dc92714eb9fcf009ac4fffc18f50984d7ee248c8d8d895f94955d3085c341e4110c0cb81c3e1b0383726d4db597136c2c4236afb27bdc279cf90a644a0a82aba888b7cbf89463505d53a5cd610b010e87e7c8c8c834c9cac97d321d35fb969111d4a9fd4f578f4b6ea10fa20fe27078c0613782fefd9593f779ec996336bc7f87562592d3ab345d366e7b32c6c2e499e701e7753fe374fbce73e72223a296aa282b151f39b2cf61e4488da28ec6e0cdc722856d2e3b63286422333ae286495be39c561e097afb3e631e9582a31d3cb0d7dade72c087bfe5e29372f5f2737347be789968979d9565cf6630f183870c8abc13746ee6b7ba52135395eb784df2132d2dff37bea338ff34b9f3c1f1e3e2e39317a57fccb664b3f8fd08381808f86c00031e67d0807ecf264d1aefb77ac964b49ae09f16b83e8a074de27d34707f0aec73d763278747c46dff52526cc8e7f3c46008011858489714174f36321c126e69393a62ba9d59e19f82b7a33844c9fb51e405f777a92956021e932f2921d9282323d3c0e3217053738b786353a35c7d63832c5542aed1d0c0e0d5e469538e5a9bf4afee88fe53be814b9e3c79e72c262e07b20ab246f0782ca19aa26ceae103ee73cd8cd43bc495f9f82519c6c623df781d5dbfea4736afde8a987bf64c800f854861cc9e3aed94cbb6d93e1dc1f7b58c8f7f90d3dba4a40937ae9e5bdcd6d8a973763ec92f2cb12112309f6f5cbaa5abaf0f71db92f3bd10b42e30f0c6a6618686f1177d8facfe56e6cefd3b96b12f92a6d09a040324c4646943071925e8e969c5a9cb0b2bf4f5f5dbd4d9595f7a5b3efa55bafce3b027ebdea77db46c68628ce2f11102c0604545db05b2f20a1936132c2fecdd38cd1f121d73473f28035d64004de25d24eebf3eccf5c8a595cf5fbc59555d431f0a102c9e4a210126a39127294648b19d6079e3d0de95e7fb2a477e57821687dc8d5c4d2589354f9fee10643474f8fdb64a6f7a9dbfed1c1c12bea6b1b945435156b662d4a8e10f4e1e70ded59edf81f7c2edc21f26ad77d9b26565f8939815f7ef876cc74158eaa001fd1f9f39be61a69a9a1aab3d1db6539d53070d1af8d6ebe8fa356dc9c627656a1f3874288c56c318a4a5a91df1e0aed794f674fee879fcabb7c32ccd8cdb9c218fb359915255db3442514efcfdf3e8cb463fb3b1ce79d719495969e1118f1d5b7e24b7e3b0ef81d007d1bb0910992b2d4ec9919327e552a9581e0c23744323832cdd4143636d4c8d72baeacbef1ae7e31fba34222a76664149a52d8421c04208d73a3b1727838cb1a38c1e4f9935f904da0af77745a76fdb459378df8e5fafa3bf7137c9f451f853b7bcbce2b14c0e9b0261100041420e018f2d1a3a74e03dc799f6010e138cbef43ab06e3278333474f2a9933e6724c4e40bf6ba1f583ede54b7fc67aaafdd7d36f1eab59b87cbbe941b8953a85cdb09e3bd8e1e5ceffab3314f5ea40c3f73eaaac79330dfd6c362cbd6ed0f7a9e903e0f4f22826123b442832f1c98d5deeccc7eba73bca2926afd65bf5ddf2d4d8b741ef4f477bf7df7be07e063c1b265cbd76d759edeed2f55999935d4552e3b539ae92c5d5d6da5c87b374f4ffe99df473dbdb673b91ce0bec7d5f34772de5723175eb87035107021cefab5cb578e19a5149a5b5861f8f153faa4d8b80407292939ec308311778f78b8eceba690f79a9af8f878ec93e7795b22636297b059fcfe300e4f40441d52010254941472ac2ccdbdddb6ccb9d06b805043ff0a06d024feaf0863cf3b713ef0b1cdb3d8172bf2f33e9b73d8424580600091842da350b1191696a39f4eb69c74c9d4b4fd1964cf23edba85b0c884b1a7cf791d575155fbb077abf30e3d3dbd968e688b887b3fe2f8b1d3575a1a9843f10472edf469b61eaedb9cfc7e3436212965c8e1c317cf1f3b78c471f870b98ab76f8b15f71ef10bcc2f2eb3225285b0b2b278c27eb79d8e6606da353fd2b170c59ef0961626f1c16d2f9bb6ae774d99bd2ea9a4bc6a34168baff3f3f51e6c3244a1434bfd1df1f76f99f857e983b7ec3c16dbcc60285859185df13fb36ff9cfc63f8c88b0e17018823933e7fcb064e9819341bb6e07df3b4a2110f3aff9df1afcf5f27c7a7a3ac53720f4cc8b84d70ee626639efa5f745bd4decb4e67fce94d599f8b0fa6453e899b5755d76cd7d844a78a4eb3e30930e8df5f2dc1da6a8cd7d655531ff5261ed456df65004de27d3776bd82fc7440847d6cc26b97dccc8251108211c7612020e0731ab4b555636d6c2c7c37ae9a91d02b403a6924333313dfd000131414606e650b109721709b7eb6b79a92922bbbd3ed40941066d7c647deb7efa43970ebde0b9b9327ce9e120a70fa2432b669ea548b6daedb5604b4a52727a7566ce3965db1470eb8cf37fabf3df08c8c4629b7e35ec11ff3336d00c20556a6c3a32e7befff218e0ddb8f5d2e2d2dd77878dbc7fa5b1b0909790377ec3f1c5f595da7d05f4bfd9d7b989fa92504f13beb537bf2b71f3c9b74e0c8855051c5bd45f3271f3cb87b8d7b7b63da7b3e67a9dbed0fefd3e60c1ea01b76ff9ed7b46fe5934a4b49fb561f4ea8aeac1f3ec1d2dcd7cb6be34f4fe7b767ef773ff7f67f6c17fd2cdea9b0a8c4462840a4b97c9ee8fd98db4f5d396394c9307f4fd795ffca93fcbf9bf77f937d3489ff9ba2d98dbe04dc8b317c1cf36a4b467aae6d532343964aa2021211cb5553947e6e633dce7ff3fa699dbadbdc8dd0be5395f836533ff9edfb0919e919a6d5d5b58af46606100805443c818070b81c8280cf85470e1ff6dccfe7f0861fe1d8eb71e9f88347a1cb26d95b7b7b1edc76a82b788f9ebcbdeed6adf093180c2049cbc00517ce9e1aaea727f7dd6c1e41108cc9e81999278e7b2eb7b0d04efadb56eccb92fe6e47f6dfa635368ee4b39960bc8569d88aa5cb9c4d0c54cbbec5b3eff0f9931f3f650d7f10ec63f5edb3e00749e30f9ff08de27005786d6db5a8c7773c3bfd52d211ffcffa3f5c74e65ce0751c0e2774d9b468e13a27fba06fc789ee9d1716e6184d9c68faac233a274d77fe54565aa66f3d66b4e7e9d33b77b43566f31ebffd516171fb24c4c895bb77ae9a336d9af9cb8ee8fe936502efbd1ef52832726d6e61e944268bab24ba9a49a61005626442e29cb9d34f6e5d661ff127e347b1fd3e06d024fefbb8ff232d07de4b36ba11746f7f764eb119964094c013b000003e4b5d45f685a9a9e183035b175ffc5380c7bef838f4e6f5eb3b53d3538de4e5951acccd2d5ec9cbcb66484848b6088542615141a166fa870f9625254586921292b467317786b5855d94546decd6e65456574a1c3cbed37ada04d38f5df5d17cfc86f8c6c6e6716c2e4db875cbaae56b973a5c6b4bd7188bb9b9ee7b3dd6585bebc57ffd3cee6dbefe514f6fbfa2e2b2b1308401ca0ad21f4f9e3a6065a4ab5cf7b59cf7e587eb43ef3f5ceae7b9ddf4db1506df2b51b30e9fb8785742521a68e9284744dc38dce5436d3fe3e1b0e7ad9dfed7c38e51c5c404ab56ce5ab871d9a4e06fe52f5e7cb4aab03877c88963db7ff802f5f798989799ea2e9b77bde7b139f8ad2eab97af59d976111caf4b11732f5d080c067cbe60e16c7bd73d7b97ff708ffd5b3c088240050505f83fb50bdea55bf1c342c322f67cfe523d91cd158a93f024c060b4b03434145f4d9d3ce1e2b63553fe9897e7aefe8ea0e3ba97013489772f9f7d5a9beb812bdb62635eaf6968666be1f044201072019e0072c69a0fbfe977c2e5f09fe4dc850ba13b83426e2d16a392eb66cc9c76da6cd4d8d81fcc7ae1a3c7fd363f898e9ee5e2bc7ec7cc99362fbef523f076ec5ccfe317ae4318a4e992ef316d13139d2ef727dfb4f38ae793e8e7db200c0f988e31b876d97bd7d2b6789b31d32575ec188b1b9b36cd38fdedf30771ef479c3c7521a8acb2760009870763cc8c02fdbd76fce38a978f7ff8d2c09b41db426f9e30faf634fbd5a017d38e79053c60f10460d870ed478faeee9fda13b15bbbe5f4d91789991b9a5a9a80567fa92c6949b8584e5aac52414eb18480a1088944316c6cccf33576f6134e6ddc38fb547b183c2f842c0fb818e8234115ab76dfb5d5c1dedea8cd97a9e3e7ef2fbc76f56ea080cde54db3b53871e2848bdbcf74873e7a6bf1e6cd0bfbe2cf05839b1a69f21c015b202e2ed5222b2b5d6e613aeeb986ead41b9696ddbfddd09ebf3f7bee76e4d6f2a7b12f97d1eae9c6581c1e2b14700104711b2cc619dfbc7472ab4b5f3d0bf02b9ca063db66004de2e83703785d089d1a11fe745f65056d188c216210a150802360f2c68d3509993879a2ef9f56ffd963ff9913e1e14f16584f181f627b64dbf68eecf7deb811ec80c3617973e7cefeaee0cc8ebd67bd6363de6e2493c91f5f3ebb68f02b7f206f3dfc60e3e676fc1e9148a46a6b2a2684df3d3aaeadaf98fde4756f2cc65ac4ecd831676f5bcfa35e6458b8ba1f3dc7622083610c249836d9c2e7a8db9acd7fcb863ecab0387de6d4d9d3378f8e365256667eade36ad0b329078ef93f02581c1834b85f6464e0c19f9e1aefeaafc04ca7bd0f3e65954ea352c8998ef3269e92a008985f3e17f4a3373294e8cd5cd5ecac3c53069dabe4b677c76c47c7b1edce209d567b5c494e4e5d2a292e9172627fe0e81f25d635bbbcbc129ebfdecc63b05a36ac58b4dec5c5f1465b3edcb813e3181dfe6c497ac6a721d25262f53a7afd3e6af453ce265109748e808d6da8ad572ec82d19d2dcc4923434344c1b6f6d15683771e4abaef2d113e3dc8edc5a1b1bf3dc91d6d46881c5e120d18b35458cf0d166d2c44bc7b62f3ed71336519d7d8b013489f7ad78752b5adf8050dbe09048f71a5af310220e4fe1705900160a73cd461b87cf9e6e7b7ae2c4e17f5c9fe4b367af6dbc1174c77deebcf987b7ba2cf4ea0e429639ef0f7df12c75ba8282424a62fc45e35f49e2516f68e2db376dfb28e443ea0a72929f4e1fd93bc6d050eabbe624b3e7ee7aaea6a25ae875caf98727baef3e793fe6e0e133be3cbe7008bdb9863fc771eae993eeceadfbc4313185430e1d3978ed4ef0b1b18a8a8a8caf79888c4f35dab1dbeb298b2794525596fef0e2d139c3eee0e95b1d13a76e4acc2faa341b385027212ae4d0772f2b1111c936fbf71f0af2f23a3975cc18ddc49f611015d7d9767043425545dd684d75f5c78fef9fb06b4b3e0441e0d3f68bd26aab1a87a82aca27efdce03c77d224c3cfdfca6ed876c4efe58bb7cbf82c3e6fb2fda42be3c68df3b1b56dbb335b4848bc6d7854f8920f191f875a595bc53bafdcb5454707e2f404675dd5b966d389e349c9efacd85ca12187c787c5252484542afe83adf5e82bee5b97fb76552f3aaeef338026f1be1fc34e7b1018fc72546454f4c682a2b2094d0cae1c4fc005140a54aaaba51ce9346f96e7ccc9633a5c9ab3d3c67f614044cceb81278f9e0a5556517e1f74e3acd32fa8fac7d005ab774524bfcab727e0491597ef780f34d191e9f272ba28c978d938a7d555370f9191a2661f39b269425b77cd17af387c97cfe5916e057afc7496fc24315ffff0d1537e55b55563603c96e5386bfa81039b161c4f4cfca2bc75934bf8057faff186869aff7849888f47b0272e6c7d9e93f7d98c4cc2093df6ed1e37dbd6a05b0f7fbdc9a789bb2cdd9c5cec9439500000200049444154dbd8ac37cc70d0c3d01b47a6b7158fa52bb75e5eb974e13953d361693f8b97ffedb819a7bcfc2f20429c9ca424f5c3ee2dab964db5fb7eccf603bec7efdd7fb89144203116ce9de5e6ba65d13fee55a7a4d44bf85ef53bfd3af1cd420a89dcb4c07196c7962d8e1d9ab1fa5f8f700ab87cd9555e5ea176e1c205c71ca78ee9703dfbeefa2efe4c8fe8ecc6a65ddebb5fbe4c766a6862ea928814000017f457577f693fc5c663ed329b0eb7a3ed0dbca88dde61004de2bdc3f31f6145f4c73de0c6fe3359d985b3e87496028cc5033c11cf9090a2263b394d755f3d7fc24f674bbfdb896dbb8e7bc73e8d9bebb66fe7a259d3aca2bb0b8fd31ad7a0b494b2792c26a7e99cb7bba5dd04fd9f269cf6ecdacddf139d9ffd79a286b27cf2b1fd5e63daaaadbe6cd591e0dababafee1a15ea3dad3f7302663c821cf93576aea68469262d22c5363539fa976b6e78fbaef7ee0e575689c919156d3b73adc8e07ecbc75fb813b894026190e1b7cfdd605f725edd9e9ccf3c4c412fd759bb63fc312f092a34c0d6f9cf7dcbab2adf1a2eb746d9d55f85676a3eb8573cf5fbe5bdf4267026949ca470a96cbd050952b1ca23728594b53eb534965b97edac7ccf1199f32ac841060999b9bdf3a7f72d7d66ff5cc74da1399fc36d54e5949813b61fc18f7c3fb961feb8c5f5783a2275cb97cf522adae9e34cedc34caf79cfbca3fadcd6a6c6c91c2a52bfea73e6516cc134218d107603010b37f3fd55827a7b9ae8ed3866775c66754b66f338026f1be1dbf0ea3bf1df16af079df2be7eb69f4510221c071b93c21558c90616e6e78cbce62ba8f9d9dce1fb57cd89663b69356bcafa25549fa9d393fb83b0bcbacde79f84cdce30c173c962458bd66e6e28daba6dcea30b16d084e5db427e2e3875cfbc17a5ad18f428edbb6a56bc9eaa3374b3e17ebc53db938b223cbf797821f3bf85db8e6534763a9cb4bc9b58c1f6b169c9e9a6c74fae4460b7d7d7dfab736e25372654f9df1bd9e959e6f272fab50bf7ee5f2050be7777e669996d62049a3e5eb585b1bbffbdac6b51b090ede67fdae4358049a31d3fe84dbb6c5477e85b3d90b3c625233f3aca9e2940af783dbadcb0a3e8d8c8d0ab3c7701199c626ba04164f166f6a69114acb49959b9a8d7eeceebafabb837217af3e9bede57d2904c6e38092a244746cd839bbae24e0551b3cbcdf24bd5e03848216cf63071c6c6c4cff770d30f0d61d1b83c17a89060606ffd8c2f815dfbb3a76dbae73aeaf5ebf9f5753dfa88fc7e3315c361b48cb88e72c729aebb66195fdfdaeea45c7f52d06d024deb7e2d569b4a2260c0f421fbbbc7b9731b799c1ec0f090500c6e3f20c8719c4d84fb1f25af0872e9d7feb6860e0b329a7cff8044bc94ae4c43dbdfed31add9d25e9d49590b517bd1f9e231228981123352f5ef5dddd663df28eeab59cbaf65551c117e309e3ccaf05f8bab6394375deeeed959c9c322de8f2be811dbdee74ccf7e6cac01b61a7d86c2046258b01664b5dd34dff53ea3f3a4d1f1c9d60ea75ece25576336f809c84648ebbfb1e3b0b8b7ec51df5e3edc702b533c7ce5d1c6a30f0c5ae1dabff31a3dd7ff8faced0d048772209cbd8e8b262c582d956611dd5fbad5c4a4a85ec86edeeef694d0c751d3dcd67914187ff51c02633b350bdb2922949a512eb4d4c74bebb332fd2979f8f10d66dd9925855d768c417f2e8ab56cf5bb57999fd7757de3a82313a215dd375d7ae3869716a69cc93108baf5fb22e04044e49487a3b455a46f1cb18cb71b173edccdf7444674fcab8ecf1dbf72af1f57c168ba3cbe3f1008220cd23470e0b9b396dc2de99f6661dea8cd793f850dd3dcb009ac47b96dfdfaa7dcfa12b1b2322635633d8dc811084405409125f5656fcf15ca7d9db974fb5cafdade03a697cd7ee8beef1cf9e7b68e9f60b0d0a3cda66bdf04eaafc9ff8cb8c1229d71dde29b595f5fda5659194834776d95a8f1a48eb8abe98944289ed5b77a772995cb96d5bd7cf5f36d7bacd221dbb0e5edd191111b1e18cb7c7086b93211d2e897aeafcedb5376f47ba56d5f2d424c549dcd3473618db5a0d4fff1156dfcb510b2e5db8710ae1f014343555de6cdfbe76a6b9b95ebb0716e35ea61af8f85ef6fa5c543268a3cb9acd4b174cbefdb58d156b0f5d7bf33a6d919838a9d8fbe4f171c6c62aa5edf1252afca2a525fdddd2ffd3a7a9e3f71ef48ea96e6c84a6cdb43d7fc663ed4fdbabb665c7d5fde2aebb0f9e1c857024a0ac2cf33c21dcc7b23d3c3f7b6e336dee1df3d1a33eedddb9f9e0b772576f3db5f3b9187093c5e534eb682abd9b686d15e4bcdcf1c1afd8fbd5b1c1d1096af7439eee2d2a285bdcdcccc04302088889932b460ed7bf7bf1ec8e4dbfaa1f1dffe7328026f13f3736bf846ce5a6d3a7e21212e7e1b038250041004138c506c3f4efaf9d6fe56a6969d9ed25387f096c07066f74f1f68d8c7aba6ea881cea307f7ce74fbbd67c72587eebd7f9739134fe0b62c5c3075dfeead8bce7400d67722218f5f9aef763d182a41a196ddbb79ca54535393dd969efdc783f604dfbebd62d38695dbd72ceb5c018f43676e39dfbefbccad85de443db97fe3c4d9d32cfeb7dcdb962dcf330f9ca3c2a29caa2a4b0d06e8a97e5ab474bec7cca9563fec677de9dadd05b76fdfdfc76671310e0e0e17776d5d72f25bbd0e333787171795dbcac852d39ec75c31ee08572e9bf6f9598f9f103265ca98e75fcb9f3d7f6f99dfa59b9731041c98ef34cdc5cd79c1d98ee8fb5a66ee22f7fbe99ff266080022983d6ff2b6c3db9dba14bfbf75ba1d3c3263d850fd2fb3a64e4df916cbfdb077662ebbf6bda48a5320218f5e27274df9a0a42cf7faeef5f3ee1dd91ae9ac6f9d91dfbaffe2e6c751094e4201182ee4090140786088fe80a8f98b17ae98693ba8b233ba50d9bec1009ac4fb469c3a8cf2dcb5a7e3ef873ef128afac31e40905140ce0356b6a2abf709c6ee7bd6a81ed0f1b4f74d8c06f129cbfc4e3f6c78c9c399292e4b49771578677378cab21cf271c3d72ee2ac0e095c964f267978dcbd62d7534edf4e9e4e5eb3c2ea4a5a4d9ce5f30e7d03697f96dd64e1761777639e31317f77cf12893e18faffaef9bd3597f3c8e5dde7d3be8d6ac430776ae9d35cd26b9bdf14949a5d271714fd6bc484cb46532e9524a2acab50a4a4a554a8a8a15640aa9a9aeb65ea3baba4aa1b9b949beaaaa4a6c80b656eabcf98e7ee32d0cbf7b418888cb1871c4c3fb617373b3aabc8264fea1807d06a6edb44fbd19fc74faad5b37dc4e1e3f32415f5fadfe6bbc2b367a05bc4a4e5a0e4382e6ddfbb64d9f6f67d6a953d64949a52aebb7b8bf66d0b96a621270ded1e3ae96133bb0dad01e673f7abe79e7b98361312fdcc86422db62f430df7953edf6b7b454284f9af467ac6e8585bd51080c8d72cfcb297464710432783c16504884fc8936167e877777ede5b4ab5ca1e37a9e013489f73cc7bd6221323e53d1f7dcc55325e535e3585ca1b25028e4894b89653a4cb6be7468eb826e6f43d92b4e7d6564f19aa357dfbc7ebf844cc495fafb0669b575e2fb5731edf0f03f10fd24d199c9e14b49488817bbefdd3d66ca78b59fb622fddae6f5db31532ff95d721f3fdef2ee01f77547dbc293925228f1fce52b87a09b0f5c783cbe149dd50c0c87ebbfd3d31df0eec8814ded5635fb5ae705ff2027e31123a3870fd7a9ed8cef41776266a6a5a65b54d4d4aad0e97429369b8b13a352b952525275aa4a4a5963adccee5b9a0dfaf4ad4eb78327379495d50ccacf2b1d5d57c31880c3e1701c4e9370c64c87ebe327587b4e183bb0b0ad8364a18fde98075cf60f21927079a1b72f7c779f7cc2cc1d89f9f999662a4ab279d7ce5d1bdad93bda21e1ef8cf7bbfbc4616102455757e156c8cd43dd76fdf05b0e44f7d95d0f6c789b5f56334c8c444c3b7be9e4584b7df9ef0e1676261e3d257bcce79e535844ec125a5dbda5808f6008440c5057538c9b3f77eaee45b3acda7df1eb295ca8deee65004de2ddcbe76fd1b6f7e89515cfe39336d6d7370c11204074dda47a94c9883b33a64d3a3165fcb00e27a1df02be834637ef397ff8d1a3a7bb715888bbdb75d3c4458e637ba47bdae2b51ee7dfa7663a21084255515178b16dd3fa15132d06e5b707f3d4d92babc3c31e2f19aa3f38feec59f7dd3f92bf121862f1e573b98ea29246bdb884580d558ccc61f298b09418a5d1c6d234a73d3bbff379eccb9703d84ca16c5323538c56c756aaaaaed3686cac56afac289581614082009f4fa410b8d2d2920226938d150800cc6609c8d55535065fbe7c9159e0b4e08887dbba3d5ffb20bad7bd71cf9eecfaba0a255d5dcdd8b0a033133aebe3a51b110ea74f5e0dc1618904db4963f79d38b4fabb7decceeafc91fc49afbb5bafdcbc7b0821600993edad0f7bba2d6bb3e25e77d9eb0e3d5bdc7cf724bc78ed4ca7d315793c0120910855569656577c8eff3316dd610bd5d1fb0ca049bcf739ef368b112f33a4ae5cb8edf5213dd3168fc5294218048851086973664f3db775e39c2bdd66e8278af61d3a33fb80dba6bb3d6deb8877c8c2fb2191979b9a1b7093ecaccff81cdff8bf12a45db19d9656dceff5fb1716eb562cbefeedf81d1ea73d1e47c63871d81c390a855831d6ccecde7cc74567468d52fdeeb09be80058e0cd9beb8b8b8af4adc68d0b75dfd3b9d97457b0ffa9638a8b8b896959b9e38a0b8bf4ea688d5ab555d52ab5f54df28db4261908c2205b376dd934658ad95311fee4ec6c1984cfc7fa073cf24d7cf96e260e0b018b31a3aefa9edab5acb3fe5d0d89b43d79342054208048cb5738aed9be716e8f34e949ce2e93d9bbfd586c4979d5303119d2474fdfe35696df34a6e92cf6de92bf1196a87bebda9db31515b513057c0c60b3b8405959fef5d245b3362f5b84ceca7b2b0e3d61074de23dc16a2fe8f40b8cb3080e093d5e59563742281462b11861bd763fd547f3e74ef3739a3bee1f777a7b0a8ea867f7ca7507efebeb0fcbf2f7dbb5b3a7ec88f44627e468baed3d1ccbe5f2fbcbca4bc53f7be4f75d0bceced8f70bb8b33821eed9c43b419716b435ee6a50986d5858d49ad2cf65235ae84cec002ded226363e3e7b272d2c5108ce1b4d09b64bf9495e8bf4b7e3ba4bf867af62c47c70b331d2c7ffb75a3ce70d01bb2292929b8da5aceb0e6e616893973fe3a9311fbe2c5d0f087a16bf28bca8d0a8b693a4201569280c782b16346dff4f3debbb0b3b84495fc766c3df212416099a52be66cdfe132efbb83789dd5d996fcc97377575cbe7cf73c060b43961347799e3bbcc9b53bf4f6968e90f84cea9d8b37cf64e614cd100ab052181806545972e18285d3776d5e6cd36e6dfbdec289dae91c036812ef1c5f7f84f4863d6776c73c4b5e8920987e041c1ec1e3305993c68fbb70d06d6187ca4b76a71313a6acbd5f554d1bad3f50f7d9ac1993bc664d35fda56a673fc3e630cb2534b7e0cb742c1ee62c5a327fd3ce7533fe5172b3a37e892ad79df459fe4c8242ae0fba71aecd72a17feb0abe1737aaec4bf9d8f7291f86d4d6d6ca522529422c0c38242a9ede5f4b33c36c94c9731b2b93f71db58dcafdc5404e4e8ed8e7f21a9d2fe50d03f2720b46e4e7e46ab734378899998d8ab3b2300fb4b43469f33e785bfc656494482d5bbd23a6a59935c2d26a8cff059fedabba9b6751c9d349b35c62f30bcb2dc5c4a8d9972e785819eb6b56b567e7dec3649bcccc2c93bcec8fba746693388c0805381c56282b2dc9945550f86862621c3569d2d88cf6f474e773dfcbcf26463e7aba27bba8680c0f06108100b30d066a3f5cbf70d6b6f1ff92edb7eee4eb4fd78526f13f3d425fe1bb1814631e7ce7be4745459d3916472030982dcdca8a5291dbb6bbb8ce1c3ffcb7147558bae6d0e584c4774bf0783c42a510b296ad9abf6fdd42bb873d41ebe51b710e274f7b5f0318584a5a4ebad065ddeaf98e5346beedacad03c7fc7687dcbdbfd66d97ebdab9b3dbbec7dd599da8fcaf339094544acac88c9fa4a6ac506e6fdffe89fbaf2d6ed8ece5fd3ceecd466959c93c0fb7ad669696baffe8bffeabe86edd7b61b3fff8e96044809532331b71f19acfae9f1604bafd207152c0e5abae95e515865818c22aca4be7e8e969276a6bf42b15022128fbf245a6bcbc72506159b1869c8252f5c279f3cfce996513feab383b3a3e3e3e1e7be1e673ef8cdcfc853c9e508ccf66030a1197b776c5b2cdce2b274575540f2af7fb194093f8ef8f4187106cdce9bb2b2efed53a0e4fa0c647780c5959ea471393e1a13e8736797648410f09addf72fc585e49b55d5d154da2a9a951465646a2dcdec1eaacfbd6253dd25969f98623976262e31789494ae064a4a5de1ddded3ac7ccac7f875f60ce5d0c5915141cb4c6dedef6ce9eed6b8ef7102da8da5e66202cf2a3d1896367ae3536366aad5cb964dfa68d53baf5f762e12a8f5b896fd3e653a8d4ba3d3b37cd9e3765e43feeba7fedee8e7d7e27e213125732182d6459198934fb89e36fcf7030bfa2a3f37d9ffa84a48c21618fc2a7bd7b9732c964b44992e7a19ddb7a93ba43beb717dc0b095fc7620a4c01c00018031af506a83fdcb27ac9467373bd96dec482daea1a036812ef1a6fbd36eafe9314a54b976ef97f29ae1f87c1e0286c4e0b77a0befabda56b66ee9cd98925c79e02bcefe8c5adb58d4c0d63e371372efb079ca3d5d61a0bf8ec3aeb89e637fc3c776ce96ebba265cd690bb73cccca2e9882c160105505f9e4f5eb576f9f31c9e8a7cd5b444bae7e97fc8fbf7b9b327eea34879bfb76af73ef6e6ca8bedfcbc02eb700d7c79131bb49245ca5d7c9a396a6a61dbf1ef833e4718945ba5b76ed8b627139fdd5d4159ec6de3b67d3963c8220f0aa0dc72fbe7afd76390201a0a9a9fad4ebe0de591d690013fef8f5b823c78e9dd6d7d7cf08f03bb2b837998c8f4f91bd10f8e8c0fb8f79cb202c85c0e2b2819c34f183f39a392b97cf9af85db19bdec486da6a9f013489b7cfd16f937818fd56cd37e0d6cd82bccab1182111c010d2386cd880076b974ede626969f85d8feadf01f4d4b9e0656f533f99deb97278c5a3d84f238f9f3813d0dcdc3c0811f21bc7988ff63fefb5fd87d7adba8af7dafd38335fdff33eb5b486c1042c012327239567633be1eade2d8bdb9c7ddd0c0e9ff5f061c4e28a8a72b551262691a73dddfe71cda9ab38d0717f160329291564d7ddeef7ca2b2b8d6c2658dd39edb565437720dc7738706bc8c3c8935c3e8bb57ca5e3f63deb9cda5c65daeaea7df4c5abd4cd0d8dcd0449296aaeebae2d0b674e32ecf02153cfd3d7b7dc0a0a5ebf6cd952ef8d6be774ba6addaffaba7a9bf79184a4f4357416570a8f43809418ae78f18269ab362e9bd6678b44fd2a277d613c9ac4ffd0286d3fe8b72126fecd86fa5aa60e994c4524c529efa6da8f3fe9ba69468f5fe7ea0c253742121d42ee3d58101e72aab5ead893a44ced13c73dbd69b54c33011703292b29276ddeb261ed244bcdcf9dd1db9eace8bacfc3b0f095498949369595d55a300c6365a4a4691254b16a1515c5120a8928282fff22db40ab11c7e160eea041ba1fec1da65eb1341d51d09e6ef479df65e0d5ab02f9fb0f1e6c7ff9f295dde8d1c6cf16392dd96564a4cc6ccfa3c4c474dd1a5a95fa8ca936315fcb8af6e9ddf61f7d55514f33d4d0948f3eb167cf4c0303c5ef3a983d8a7a65b5ffb0f72d5a034b51465eae7a91d3ec4d2e2b26fda3de7c7b1844cfe72eda7ca3e473c9b835cb973b2f5e6cdfe5a6321db1d5968ce7f9d0b9918f13969497d12622100612359d311e6970f6d2c9f5fbbbaa131dd7b30ca049bc67f9edb476d1959c137e777d3fa417390a11ac0484c1006545d908970dcb96cfb031a8e9b4c21e1e10fee493c1c54b97f746849e9ef5b7a9100481ef2c71bd96f63ec7090664a1a2a2eca775ab9db6cc9b6dfcacbbe1a4a7575112d3df59657c481f5b5555adc6a233e5b118982d2f2b5d23af28533c48b77fda62a71991100409badb36aaefcf65e0ac6fc8921b3702b7aa2829d1c68f1b737bb49975605bc93cf451bc79ecd3e83969691fccd6ad59b573e1c219ff48e25e3e91f3af0406fb0b202e6ec5cab92bb6ae9c11d896d74bd7eebdfef6dda7452c1e0063c69a9ebfeeb3bdd34d5c447aaf073f9d7ee4c8f1509dfe9a6f22c20246ff2e861d171df24dff94bf8ecee501329508e4e4a909ce2be7ae993fe5cf2e48f4bbf8fa9d76d124fe3bd9ffc6b628f905cddb1e929b5f3a15020498c3e7340c1aa8f968cbea85ce9696dff78cfe13a03f7b55a471fac49953870fec5efcf50c2529b349daf3a8e7ad82dc4a5b014f00a465291f9dd72e5e3e77e63ffb5277b70fa297a0112346f07f77238aeef60bd5d77906e2e23ee87bfb78b9b4d0e983f01086a3aaa656d54f53ab8880c3336bea6872957535fd8a8b8b5519cc664a3f35b5cc1d5b0f2dfeb64ffdc2d5276e26bf4b9d2b2d4b4c3979d67382b99edc7787bd9e257d5071dd7dfc5d0b9da5046171d53b776f9db5d8c1e4a767347ee4cdcb9779fd77b8b92570386cca1e3757c7999347ffb6a5ec794b0f1d4fcff9bc8ac9e14b72044ca0a3a994b66e95e3ecb97666859d8f063aa2a7184093784f31db49bd614f92b4bdce045cafa7b14c5be82c202921916132da28f8c2e90dffe8e3dc49b5bd223e79caaa7b0b164d3f376ff6a47f9cd83d7a2e7459f0cd071e1c365f59c817c0caaaf279331c261c715937f5bb2a69bd021435f29f6420313155f9c387d4099f3f970e6d6a6249f0f90208c2423804c23135b5b50a4c4d8647598f1d9ef52d39a1311f071e3e74f6512dad4661c674abf3670ebab459d0e8d0891bdb0283433cb1043c5056537a187bf7e7b507da0b8295fdb2c4b2d2d251f3e7cd3aece1badaa33df99e7cbeffe4dd0577431fed61f30503713000649cb078c1bc69bbb7ac9ddbe9ad829ec4f95fd68d26f13f20fa9b3dceed8e7a14bb1c82e0fe9010c39296157fbe64e1dcad2b174dc8ee4978f1c5c5c486cc0a6d3e97a7842712cb7534c40af4f5f5b99db5b960c1ea3ba6e6968fd6af9d7b4b34362ce68361e8837b5bb2f372a5c75b4f4a20e0c9cca8f0e85db49a7a1512016e341e6970f7ca45f76e2fc8d159dc7d5dbeb41421b1d9f5b826365faea5b1598dcea44bf2f85c3e462884000c030003d04fb55f195f8a9f2bc321e1693449464f348ee9eb3cfe08ffaa6d674e3f8e4e58232646ae3a7d74d7581b8b216df64c9f3e6f57e8bbf4b4e93272522cfb29d6ae47b6adf0fe154ea63aba3ccecacab61d317258e8edab2766fe8aaeee181b78efa951c8cdb05db905455371040a96870819e32c2d2ef99f72e9f6db27dd81f7bfa6034de2bf39e2f3d77af8a5a6662de171f824020e6ed2d6540f5eb364cd263b3b1d4e4f408b49481a1219f5d4e9e3a79ca10c3a4b95c71752057c3e0112023e81406c5250522a30183ae4a9a5b9c9634b4bc30e1d469b3367d16d4545dd7a6beb491723a3a357e515652b9a8c1ef662cecaf901068a7f1d020a088e1b7f3bf8c1898a2fe5c3b95c36d778d4f07b1b572f5e6b62f2fdddd99ef0bbafe94c4ecfd1acadaceb5757dba0dcdc4457adaeac56afaba32937373749d0e92c7126938de770b8140442304200b0180c4600c3300263210483c100a1500884023ec4e172200020210c10218cc508484412439c4a65494a4ad5502894163515d53232995c4111a33411c8d8463c8ce51389c43a7171f17a32994a3334d4fc236e41f456fc826edc9926afd42febf9ab0f4e51b189ce0c364f424b4b2328eaf6f11f96831d3f65fde3aa2a9a2d81027fdeebbecd727a077f6f7ee493c3eccd8ff30a8a6d35faa9be887e70cee24772972f5e377f9dfc61ecc2c5f36e585818b7f982d19dbc6ddd7e72f78ba4b46d75cd6c2982980490579078b975a3d3b2a996e861d1eee4b9b3bad024de59c6ba49de3f2c76684040900fada2712c094b046c560bcdd6c6f2bc8fe7961ee98a842008b461f321ef7729efcd0040b0e292e47a32994c43200cb6bea1599a41e7f4633310151c5e12c362337862e2b87c7b07ab8b0777ae6cf7aacbcab5dbcfbf79f3c9415646a16a94e990d0394b67f81a6a7effc73f26e1e3c06327ce5da2d5b78c686132204579e937dbd6addd3c7dbaf1876ea2b54fa9119d7c6e6173061515970ca9a9f932e84b59915a6d7585a640202437353225101e446432d9043299c89596112f9193972e919395ad929391ab505255a9939397c92453b01c80c3018c10a293603c1b8381fef73b0d411044e7d025000038168b079a5bead5eaaa6a15cbca2bfa5757572936363154aaab992a0df5cd9204028ec0e6b27118088188240a9fc7e3237802894716136fe6b0791c1295c8925794ff2221492993949628e8a7a996a3aea49e6263a6fdc71db6fc952fc1a62dfbf7e464178ea96b600d6c6e61aac3181c67edba159b37ae9dfcc376bee6364b9f36d7f127884b92df243ebbf84b87d144bfa793a66d48282aaa1da3a02097fa22c6c7e867e73b0202c2ec2363e2d68fb6b2b8ba6375cfdf5c3978eccaea87117107eb9b587200c6022939c9ac858be6aedfbcd0f287c56f7e251ee8d8f619409378fb1c75bbc4b54771fade1702835a9a9943018b0f0818e8f3e851c3af079cdbd323fb5f29299f95bc7dfc3c4b2baae54d4719258cb79b786dbca9ee3f5a940685beb2ba7b376251765699099e40d0e5f01a019e0c5559db98799fdeb7e9a7fbf21bb6789ccecbab9eb460e1fced8be68cf969e9c8079169c302aedd3a5c5452662114f2613539990f8eb31c4e0f37308ca031ca641aeb2a35e7cc9cfaa2db49ff8d0a45b5da85f86c95b2d2aa61b9b9f9233e7ffe32a0beb14593c16049b1593caa90cf230a103a96448469188ca059465696a6a6ac99afa73724cdd0d030858cc3958889293677b6cf767b2e8b1246595919b1a40aa35e989f3d322b3bdba0a8b048b399ce50a0d3d9ea4d2d4c190e574811421080313800c11820040200c31880c5011600c2260a81d4242f2d55aeaca49ca3a1ae52a8a9a5fe4e4d56f6435faef6f5e24596d2a388c7ab3f7dca31aaa9ae1d603ec6f4c1d9333b7ed8e0c772caf2c75ff25a6cf506f44f8c0c3f36a63dde7ff6fceddb62c5a5ce3be3202175a08292ec8b67e1277e3813ff5bcff8c96b9fd138ac7ec6c643ee5d3abcb5471b11896cee3d1ab02e34e4f1769824d6af99c303d2f2921593278cdd7d60cb1cf4accbaf04bf8b63d124de45e2ba3aecd885db536fdd0a3dcde50834795c2e5095977f33c771f6fef52b6c9f7455e7cfc61df73cbbfdeddbb43143070f7f367fbef385f612416864f6802b5703f71595e4cd17223c084782695326db9e3eb273f5e11fd93978dccf3536e6dd8add7b76d9db58eab6db133b33b386ea71e2cc8d8f199fa611602ce0b01965d292942f5a3aea9facac4cef2d5de8f81afe016f00002000494441548f6b3e3dc14b4fe9bcfde8f5f0b2b22aa3fa26bad297cf65da0df50d1a757575aacd2d0d32180850844008f3f96c1e1e8fa753a8841a752595621d2dcd0f1afd95df6beaf4ff64636ad42e7f3d85fd6bbdf16969929ff3ca4c3f7faed02e2dab195c5e523390d648d76032386a7c0403301016000c04b842416b62172ddf034808f0589ca85f758b1895f4854c22960ed0d6ca1497207f565751fad8af9f6696dd589ddadec0df5d36fcaf86ce781219ee30504ffbfda1437b7cdad23bdd69d3b5dc0cda623939e93709cfbc7f6926ee7f2bc1eebc7fd0755a6dbdacf148fdfb77af79fcefea665bb69f3ecd31723b7c2cbabca9419a42867302bd8e8fea8d2daa6bc171e3036f86ecacaa6e9cc0e27200559cca99683de6f8298f556825c4eefaf275500f9ac43b485477886d3feab72a223cf630014b92653631b84ab2524fd76f5ab9c6718ae93f66c5dd612b3a3a59f3fcd5f34725a824faec69334e4d9edcb94372073c8337463c8ed8dcd242ef87c1089b5d36ac5bb2ca69d283b6b05d0a7cb0c4e7f4559fddae3b16cc73347fd411fc771f268ff13ce9e9cf6672380307e8a44eb0b10c5bb1744a8f344ee9089eaec884a7e4ca667e489ff83e2ddd222faf7028c285e484428c029723a022a25d680100a21eef40280002219b8727606a9414a4f3f5f4b432cdc68e7ae434657c6b6fedbef289884e1f9cfa21db3a3d35cbfccb97ca810df49641108904781000adfbf00804783c1ee0230060b11880c3c080cd6102221e0f0858c02460a05a3c16a64989938b060c189037445f275a57039f646969c9ffd339484878a363616192df16ce633e81f3efdc48f0a190a8958909de837fc597c51b4e9d4b7cf5613d8f4b078e336c0f9f3cb0daed47fadee4d3c44fbb7bdece2d2a9b54cfe500046135049c3bac6763d67bf5241ce7edb892955bb45088c361b97c0e301e35fc5a909fdbd25fe1001ddb3906d024de39beba2cbdd0c5fde09bb7196b618097e133b8344b53b3cbd31da6eeeb89036ca7cede5b161e15b6d66a9cd99d7dbbd674b9b7b2dbe16beb1f3c0c3bc8e7f1a5b434d5d3f7786c9e6866f0fd1ea8a85ad5d62d07a25d36bb6c745e6df7c3bdc3bfc96bad637e31601b93c314b39d681b32df714297eed47639185d18989494299df9a57a4c6e7ed1a082e2b28195d5359a743a5ba399c99125112924040180cbe6000c0040289a9d0a78808083000e0b95e8e9697e18a4aff37ce8a001a973eccdfe155b05c9c9d932ef3e958c7ff9fafdb8fc2fa50635f58d83611c5e1c82f180c307802f4480508000188645137600f83c80c34080888701e0738080c701782ccc2012b1d5d2d21205ea6aca9fb4faf5cbd3d1d14e9debd0b3b504ba10fe9f0e116d97ecf158ff1a83e0d4d6ac735aea3477e4e3aed808897a33e884d7b5f0ea9aa6fe92e2d8dadd3bd739ce9b32fa877bcdab5d8edd2fcc2b1942a248528bebea94988c46ce098f8d16b3ecc72477c57e57c7ac5f7ff4c8f3e4d425182251a9b6a11e988c34085db567e97c3b9d9e399cdb559cffd6716812efe1c846bccc903a7dc63bb4a2aa7e2c1626606aab6aab9c66cff13c79789557779b0ebe176f742fecd9b6acec1c1b04e1090e1cd967e36833e2977a5dcf5fbaefcafbb4f4a524028e6f3bc9eaf4318f753bbec51d9798a3bb76f5e6347b7b7b7faf13ce2eedf975f4e8d9898aaaaac8d26faa63b537ae379f676666e23fe5d49a45c7c63b9457d1469457d5aab2b8423980c1531180053c04119df706308c070882003e970b10c00364220e60201e909511fb3474b0dee329f67657275b0ce8f055c1a74f938d264e1cf55b9b4e787a5edcb47dfbea339de1dbe766ec9ca7cf121cd23fe558f0118c0a96400574360fc0300e10894480088480cb620318e1031c160330006a5da1f8fb23fa7f00f0019fc76e21e1b1e50374343307eb69c51b1b1b863b4c30fad2192cbf4376cb8e00d707f71f6fb7b432be73c57fe7daae6098b664c7edf4f4e2d6f2c583f535a3c26f9eb0ff919e635ed777dd0d8d58b57dcbae8d29a99f26df7bfc74358fcfe0791fde3165d664d3e8aed8ff9531814109569e677dcf7084d01051bc15e4245f2d993763e98259166dae5efc8a2d74ec3f194093780f7f23662d73bbfbfec3875922a2f1184c95b585b9f7b9533bbabd80cb9933fe7322631317945636a90b20d8008b81116babb15e3ec79c7fa9b5e1a3984cf5c3078e2570389c7eb2726289b19197bf3bb893925221bbce6547968686cacbbb41c77ffbbdd6ae8634a5b05e22edcd07b3f7ef522667e5168eacaca6e921006e4dda088c03182cbe357173f9fcd6fc235a2ac741a2d9360030c407023e93a5a2229331d278c8e331230d83a64c6c7bf9f567f89cd71fbc66306c70d2ca95d32f75d58f5f1d37cd61f593d56b571c9b34e9c7ed367f64e3ece5d0059131f10e9f4b6b46b1054083c5e603184702781c09200804f87c7eebd2bb68860e0400e0b078c062718050c80778020e60614494c80110b2011e03001e8f54aaa92aa51919e847e8eae9242d9c6195feabfef5c4f8f8b7358a7bb7ef0b430017da7b70db54dbb1832a3b63e7f2cde793cef907dc6a6c6a919296122b765ebfd465e9acf16d1e124d4e2e93713fea1e6d386c64fc518f35db8f9f8bd8e97725e81884e109f6ef5e376df10ccb88ced8ee2e59bf8007d37c2f049e6da473d4f04431202f2b93eabe67f3543b4b9db2eeb281eaf99e013489f7d0b7222c3155d9fbccb5a0e2cf1516a249061e1294cc9e6677c4c375658ffc710e08b866a6306c701a464812f73f1f74e6637ace0c2a9954bd76d9926d6b9659dff91537d76f3a7d2a26367e8bbcbc54fe8943bb2d4dbf39d99e545a4adab9d83d0d8fc7b73c7b7261e4afd8eaedb1f722538d3e65e68efb90956954515e65d8d4ccd0e4f2010e40388040588088e68c100c44cbe5a219b7e80343a259a368dd9c0748304f48226032070fd679357af4f0185d35db4796965097f67873739b659dd73aa7a8aaaa645e0d3cfac359584f727427286ee659dff3e76d6c6cfdf7ed5bdee56e6f312f33d51f3d7db63ced43b655556de368265b08e3096420e2952744446f40ad495dc047008e48684deca22576219f07b03808c040b4d2c103188407047c3620e34587e984750a7252599afd54537507e9a51aebcd0dee2ad73dc1a1dfa5c70eb76e046d183a62e0a7f367766feea88df0f80cbd5327fc02cb2bab468a89134b173acd74ddbc6a766be1a4b63ecb97bbde66f2d970f0f5d3b345cf4f783fd8e01b78e72c844580f3e2196bb7ad9b73a1a3b6bb5bee4a50b4d595abf70ed09a78ff8fbdeb80cbb1fdfee79ecf6a2b247b932d7b247b4542660a91cade1a4499212b7b46241589ccac6cd9b2f7de513df35effcf753f45bc687bfd7faffbf7797fe579ae7d5ddde73ae77ccff734615801cccd4dae0d751b30669053dd23f9ddd7dff6f42bf0578817c0493870fc7699990b16453e7bf9be0e013898992812fb3a760e18edd93d5ba0afbc0e09015e063a0f4bc004b286a1547227d0775cb7366daa67dba4fb7dffa111a75ace9fbd6487544eaa7dfd8677e9d2bed1a5cc65eeddbb27e9ef167035e5d367ab59737ced4b5860a724128959f5ead5dfe4752e05513ff6f8cd0ac70e9f187021f14abb17afde55c249a911414b40cb0a8090d748786b391e685a2a0a6e4ec7008d38277946142e14c68bc2462183c736d5cac4f6edd97366ebd6799f6b58e881de0b162ddd62656579c7277062bb86357fbf063361f2dc55972e5e75d4e9d81709c7236ae5c7fa7bcfdc34296eff91012969daaab8d408181e03860320690a749c560c5d13d799e3802228514be719467c39e1020f224290e7001378c03101489c0702039ec085e7c52c4d931a34a87da069f3269bdb37b6fe981fe3cd4b1bbb0f5c2db374d9c28d254a58de58bf7c8e57566d2d5913d967574cdc94572f93ab03cfbee8dbbfdb02bff183827f566feedcf53e113b760c0a0a0e726cd9ac9a689558b7f970bf80c5abb6303c0b9eae3d27fa8cecfbc394bc196deeda75b8998343eb84acc696dbefb7ed3c537ac1c2759b52544c73745f93c9886783fb3b788ef6e8f2af5808723b8fff2ff5fe0af17cdea9b8c3495567ce0f0e7dfae26d5db95c0e7209717da86b5f6f8f419d7eeb019ebe70db986d5ba2174a708aad56b5ec8eb0d0c0beb99deac9934f8b8d9de47b42ad4c2de4ef37cab17bf71647bf17e243bc82ae27a77c2e6760c0df2855dae2428b668d770d75e9ff5be7fcabf925243c313d7de352e70b89579adfbfffa443ca67a515d2b225324360380ed2d40ce804010c8ccd80a0684853aa01a748c010b29c51838c22404208c06bd380d7aa532b972f9568dfb1d532af215da373bbaedfd79be61f32774fecfe71652b9439d3b36797c54edd5b47e657dbd969e7d2a57b16e37da6ee285fae8af6d2a54b0d8316ccae69d7a84ab658fbb26a3fee5052edd80387fb9e3c7fb55faa92b1c44909304830cb6840a866e49e90c914a0d1e840a3d68242668044382070bf68011138f1770c78c00401084c001ce38063d340001d989818ddac59a3dabee6b68d770d766cf6af0225c3b6c7375f12b2d8bf52d58acf7b39750fe9d4b2d10f816633e7868edb7b64bffbab976f2ccd8d2dd46d5ada2e9e35c3e3a7a19c084ce8eb17b0a759d3a687a74ef5fc420ab53de678f349818b0f11948476eadc62d26c6ff779bfda8f31e3022763182159387f4a81a5178d8cb9507bc98a8df3df25a7b6d4683450acb069d228af814e4e0e0dffc1519fd5d9f9fbfdaf57e0af10cfc71312be3fb1cebc392bb6a4a669aa10180785cd8c4e0c1bd27f44df1ecdafe56337d96ecac9d967cba5cb49fd0ce4b25417976e23c778396dcc76e5ef0a36b175b9aa51ab8afafb8d76b0b76f7226f3d71b76ec69b62c3874bb84963caf59abdce1ae5d5a6d6fdfb2d9bfeebb4419cd4e5c79d1eacab59bddaf5cbb55eb738ab20645cb699c9402cb70c0710270020f1429018ca641ab6380c370c04902b40c230a0a1058909002d0c082c0a4a92a96b1dadfd3a1d3a6c17d3ae4bb55c5bedb90233a9d50b87d87f62b9e3cb96fbd286872aed259e6768f17af8a723b79e2748fea356b5fddb675eb444747fb3933a77a4cc96d7b3faab7f3c0c5bab1fb8f0ebd7a35a9e39b8f9f8a631219b03c228fa141ab6580a4e5209719424a9a1200c5a3e384d80cda0a1c04bd360ebc28d89140c7714c0414a2ef046091969e5ad8c2f4529d1a95ce5857af18e6d1bbdd8dfc1c7f76db7af6ec996ce5a6a82197af5eb1a3481c2f5aacc88752252cef2b5569b2fbb71f957af74e5d3625456b49caa897a5ca9448eae9e0b0a147a71f0b7bd4e7d9b30f8bcc5b387f8dc200576e5ebfac4fe671c4ee3bd56884dfbc43a444a1e8685b3764c9ac71c37f354e4110f0ae3d3c0ec8e5d214f7414326d9d959dfcfeebc72522eeeec3da325b3162c7ff6fa7d3f46c0412aa51f766edb6ac92cbf8179e296cfc918fe0b65ff0af17cdae5d5a171b6cbd785aff994ca563090c905431a3b3e658cdba02e5d1a3ccaa72e72dc4cf4810bd566f8cf8fd6e9980ac626f24bab8267b6ae51a354728e1b0200db56ae5752533fcb172f98d6b959b35a7733da888edb6dbb353c666085b2f5aeb5b0b58bcb0ed94b6efacf499d959b63da1c4938d7f5fefda78d5294daf20c2b18012e0582a481e3315158083821a2a6912ff6f3e7cf2095c980a0295069d4802186320213353d24c0b5cacf50c4cce046f7aeedd6fa8d702e901750ec81c4cad3a6051e343333ffe01f38b5d38ae5ab9687ad9de990937967b7ec86ad116d80238113c0c4c8b488f0f1dd478296caa86d113b4776ecd07193a191514ac0f419a1152b5578d6a56b8769b8c090148531c0732a8944c21098c0989b58bc6cff9d5b25bbfda372e1fb136ac6c6c68f3b79e64a2f5a6e44a7a66900f9cc314202694a0d48640ac0081258460001c5a10306885056af89eb51ed48900bc834cfa2d03e0164121a306081d129015da22534f6cec2cce07afd06b577b56ad174bfbd6ded7f05291db1fb88ede56b89f55ebd7c5a8e61b4985462a031332ea1343436bed7ac67cb70bb32653459ad5dfbaec30e2b533f58f84cf4e8dbbe7dcba4cce5f71f395773c4e4b927190137686b5b7fd5eaf9138765d55e9b4e03135fbf7959d9482ebf3678b0cbc2412e0e0566f5e9da67c4eadb0f5ebab01c464b683ad9a1637bbf597e0342b21ae3dfefb3b7027f8578f6d6e997a5d66e8d691fbc34740d2fd0c54120381303459cff8c096e7f02aff48ca00da3b747ef992108025dbb66f56d61aba6e79888e1ecbd7b4613dcfd2e4aa492c787e336b5c9bc18f127e2eb302ca66ddff2db174b3e2c6b8e9a888c3d5be1f4858bce97ae25357cf3f663232dc31bf002216a79084485237439458b8424c8f78a2cb4485823b434459140511468756ae0791d482534089c1a8063c0d8807ed1b4519d9d5dba7598d5de266788e31f4d6092effc11f71f3e6d063c262368198f019e56a64ce98f6fdf7f54242626b63136317b977060759d01eeb376bc7af5b23c8543aa4241e12ca7524a4860745ad567ebca15120202a6e61abc143067d190b83d7b87724059e3a421f01885abd254129ca4a0779fbe7eb444ae0cddb07161cf9e4eeb2452f283569d56f2feddbb55efdeb95121e5737272439bba3183060ef66f920fbce92b371dea1a19b36ffc93672f9ab240000f2490b40c543a0e041ced1da517d81812de4825d7fbc6113b1cd2d429520e0cc301cfeaf4972f647317053d838070281810c5ea0385736f8a59163adbbc71c31d2dea35dcfdff8916d6c76f99f7c9d3673d3b776cb570c2b881ff084d4d48b8663a64e2cc075a56306d5ebffa864d217e837ef5c7b32dea54a7e0c50bb7c965921735ab568a61746ab24861b30bd3a64dcc1300f6577d767719b7eccefd175e4aa516e452594a77fb4e5367f8f42b900b718e5e1cff0385ff0af13c6ee2faed875b072f5dbd41ab658b6b351aa85ba3c666ef312387d9d81453e5b1e97cab3e68ecace023474f791038ae1ae93164e228b72e6b73d27878f421c78080b98b7a3b75dfe837c5636a4eea1674d9c0c5e15d4f9fbbec78e7f65d5b5ec04b915205702894490c01a30125694094a02cc7012b085fc29b9056270a722080a209d0aa54c0e854606c20014e9b0624c6b2952b963e3472e890516d6dabe6ab063762dcbca9478f9e1854ac5869ac6cf9aa0f2b56aabca271eb9afbf7461d1e7622e1c4e04183064d0e59ba62cd870f1f0a952c5efc69b9b2568f6fdfbe5281c0b857fdfaf7983bd4b557445ed7352c6c57bbd06d11be852cca98d5ae5b7fefd317cf4bddbc79b7feeb37ef8a54a952f5898496292a57ac74e2f6ad5b1d2f5d4e344502912685e79d3bb75d15e03b3430affd67ae8f8091f396ed9a9f70fabc1b4f52520d83018bd46fe4e620d0c54b40067424caf52037f82ac4791ea1d6092070144580b4750c70a4a1030702c702f0ac28cc691c59565860752a9e26f17b756d6a1d6cd5a269f8a09ead4ee7e75cf2bbadb0b0831d972c59b1c8ae55f3c839b3c678ffa8fdab575f2b7aba0d7f2e9052939a154bec8edc34bbebcfc671f4d4cd6afe33e66ee204869a3265c2804e76b57f5bf2a1eecee356dcbaf77818cb112093ca536d9b36085c32dbe397fefbfc5ecfffc5f6fe0af13ceceaf6a8a3ad67876c5bf9e6434a39632908c5cd15bb17cc9ad9af664d7dfacd3fe5893d7dc5ca6feafcd8b43475ed929696a78eec5cd63427639b3071e6aaa49bb76bf97afb3a7e1f5e969376f2b3ec9c05e1eea74e5f6af9e0d5eb166a0e0aa37025e4254571dcc80c0b38010cc703c309220528423ca317bb5e0be701c3047de81850e267124c104de7822e0d3056956cd7a4ded661037bfbd8d894fb9c9fe3ce686bdefc8d63b684ef1ca5d14a2d250a234de12226b7cd0b1b2befddbd67233390bf296555ee75bdfa0d3795b6b2babf6fdf1ef7a78f6f582101eeecd4666f7e8d07595882a6af584b1032736f6f1fe70f1f3e586dde1639f7fcf90b4d25b40257abd5622c9d4ead8212252cce0f72e933c7a54f8b1f52efe6c79856acdbedb4313ccaf7cdfb4fd549b911f040838ec7459c0212e4190fda47fdc303898206781e380ea55e45f4af241018f9c5974e2033bc28fb5931a2000406485cef2e9191c2d30675ac77756c6fbba2877de33f82b3fefb7574ec36faa032f5b374ffa1f57618867d65c7c9541009f13eeee31fe900b3a852a6685cecb6a09f8627ba0ef18ebc7a23a949f7de8e41bea35cf29d702aab733064cccc394712ce797e520b86452dcc3ef4eed47c92df84c1ebb2aaf7f7fb9fafc05f219ecbd3b1293cbec3bcf94b42b4b87119e49b2b6521dfe53d6db45beb06553ee4b2c902ade6b7286ce496d06db3141219b46ad668e5e27963b34502131575a4cbd290a573faf5eb3b67c8e09ea1053ac82c1adf7f22d1f2c8c18bfd2f5cbcd1e5ed9be4863a1e23398a009d18774c887e6ef4ab8011e2cb1ced8b187fcc31fadf89748eef746014ea0e431a1f12e23807c0a8a14ab912875cfb3b4defd5b5dea9829e6b58e4917631310983afdebcdbdaa288e99bc216e6af1e3f7ed4ccc8c8e45db9321513eb35ac1771f2d8b12e121afbd4b76f97e9df679ecbaff14df45f157ce6dc7907092dc7752c6f6459acc40312a7b09ad6d6677644ed1852a2b8e5112f2f77b7568d4be43bc7fff773387cf67a91d0cd3be69e3e7fd585c7a4c0f034f038093c8ee2f691e50485000a7ac43ac602260a74742923c5a42c62ec3987f8eaf556167451034eafb923bf3abab6a13381ae7c02a3010ad38142423c2f5cc4f842b3c60d629bdaf4dffca7c49e0f1f316be9f163a71c278f1fe7d9cfa565cccff63b3151a0bc26bb5f7df729ad4acdcaa50feddc32abed8fcaae5f1b393c68c972ff662dede2562ff21b905fe727a7edb88d9f3de3d899ebe31886911b60bab4964dea872c5de83339a7edfc2daf5f81bf423c172761e5e6a3ed17aed8b80607ac38af7c0f95ca5a452f9c37be6f857ce20a9ee4336bece7549d45dbb6ed421d3b37ca757cf7f753ebe8347ce7a347cf1c701c7fdfddb1eb9c19935c17fc6afaf1f117eacf0898bdae7edd3a71410b7c0b3cc5e1cfc6b229fa54a33d7b0ff7ba7df761b734155b521028005c02044502cb6a457f298f218d0dc49f19c71a696088510d995879644e47b1df3229e890560638305a15984a0920782d685293d576cd1b6ef11e396c5ce5ca16a9b93816b9aed2c3c577bbabab6b4052d2cdd6070fc44fecd6cdd17fddba753355cacf852a942b79724fd4d2e6b96e3c1b15a30e5fae3773e6dc43028f1bb66ad16665a952659eac5eb53ac0d77ba2c79ed868af6ad61562278d712e9034b93f1bdebca561e3376d899cacd6e28508a93168181c308a02958e0142822e6c480367814cd7b4f5ed7cdd7bd135fee5c9fc8f8c571e2efad63156073289a8ce03c3aa597333c3eb4d1ad58b0a9eee36eb5779bcb3b1ac392e121373d42622629773c5ca555edf7bf0acfd952b57aa356a502f62cd2aff5fd2b822213ececf23f1e59b0f358a59153e7f3c36a4c1f79d9fbffea284f7d8c909858a989d09dfbca81f862150c1bff7b8ba4f9d9378fdce5825cb53822068bab66e3973f16ccf7c75d3fc7bb3fbbd3dff15e2395cef49fe21e3f71e3e3b49c952e68c26156a9535dbe5ef3dc4d5c6c626dfccae4b5744b45c16b2618ba9850553be4ab97dddba775addbd95cd37042b391cb6587cff911b357da64fdfc53258699942f174f4a8d19d7a77aef9c3109cd8b8536dd7ac59e35db16cb9f3f317f8fd832f3d37fde7b4ceaa88434da3a2f63abffb98d6f153b2a6380f04e09454240a6158e421e580a6c49423a296868438fa293e82c8ce0d18cb834eab0514b3af5028e0f5fb77a03034008615c39100537e80a21686f77b77b75f3cc1c369594ec798d7f21182401c183d776d0bdb96db37ac0b5da3526a14f31606373db06777bf3d7ba2bda5127812b26a41239baaa57344e39993714d9ab572faaea8bd933a74e818d3a963e7c00d6b37ae3b77fe7cbdbab56bbcae53bbca911b372e996f59bfb05d4edacc8fb2bbf72536ddb4256accd55bf71d594c86761b70a90405fb819667f44036a4908b325abff13892ee480dd71f023d002ed3832e6f6259811443d590695da7518b752434093ca7430877b69465e1c472e54aeee9d0a1f556a776357f5b84c9d6ad076da3a2e326ddbe7daf99dc50a69e31d5a77e870eb5b38cd5b7ef39e6e8cddb8f5a942c5be2dad198a535bf5ffffe03c6ef4dfe9c66ba68feccf6152a144ac98ffdc96b1b1e63e64d3f703a713210342dc7b08f4e5d3afa4c9dd427d780cdbc8ee7ff6bfdbf423c073b3775dec631dbb6ef0a1080549024c9552e5f72eb4c6f17376b6b6b5d0e9ac9b2a8200858bdc67d1ea4aad832889084a4b0a7756caa1c1ceae634b5791e11d2ded3974d888cd93f1b30195857a9b063e79659dfc49c26be7c290f5fbc66e191a3c79b3b3a745defeb3d2ad759d0b29ce84f0a2cdfb8bfd3deb8837dee3c78da4610a8c208b58c58d430920220f4292f45101349804ec7e85fd6e2930e784a17e248332308524c89a9d3e9202525050a999b8056ab167da9c0aa75b52a958d1beadc678a7dbb1abff489868545f7eedbb7db8e9ff925733bd72d11a77a1c397edef9cdeb37e5efdfbf5f592e973fa728ead3b0614397ee8f8b1d79e3fa956aa3c779f51d3aa043786efbc8aa5ecbcec32e91045db25efdfab1a74f9ea951b54a95930f1f3c68f0e8e1fdba8d1ad54f7efbe665f2e8b11e3ddad8d6b89e555b39f93e2464a567e1c2855ff4ece9f85353316acf73e2c2c547132e8e448037819088da382d472168b898fa542faff5afb26f5f687aa4bafe0b3d9a3db3b68e3ea6701c049e177de4348103cbe940a7568be87644ee23a1f17bd52a953dd0cdbeedaade8e76bf2de63c60d6bac1bb76460df49deee3d2ad63930759ad6b1f57df9d17afdc72285abcf0bd85fecbad6d6cb0f4850158be72f3d8d56b368ff59f3eddd5a173a3c359b5f53bbf1f327ad6dcb84347bd4c8ccd151a955adda461bd8da12b7d7e2b3fc2ef9c6f41f4f55788677355c3769eae1f386fd12e9ec32c51fc705133c3dd5327aeef5e50feb35efd26875ebbf9c09920654a1ee36518ce72452c4c2edbd8543fd4cfa1fbecdc82e712135fca274ef73ff1f2f5e7ba1886bd73e9d32560f298be4bd132ec3f71a1fe968d9b273c79fab0a8eb807eeb060fe8936b72986c2eeb37c55098d8e688e809776f3fed0484a4989641f83489086c42a42cacc003272053b8fea58c843949c9c536f074d4320e19b4e5a29e0508a08c043e7ad9173235029651833aed0342a16b2ccd8d6302664cf268968dd8f93ebd67bec378000020004944415486457a0e1f1ed02c9dea3237f3fb519d219e73b73e7df1aef19bd7af8dcd0b9b5ef1f4f4f47efcf441c543fb0e385b5a1651df4cba61d7b0419db0454113ddf3abcfccedc49f7a586adc98c9970c0ce56a2323a3072d9adb864d1cd37df5d1338f4a07072d5afce0c18396264672b5532f47df51c37be72bef7fbffe6e9badac8abf9f37d73f4b9ef1a16383961e3a727218462a488256409a520bb442013a9e4997dfb828c87f29c4335dee32d6009d0b0949012fb0e219419ab9422611cdeb5a4d1a50380f8871d75021b9dcb0becdb6f63d9c42ec7f53e449e0ec903e57ae5eae1219be36cb88903e03fda213af26753336357c15b2607e8b06b52c442e87f3498f8a7a8f1eb7bb7e8346fb67054ec8b29d82386359b5e93e724650c2f9ab23942a9d442291689cfbf4f4f51bdbeb97aebeacdafc2f7dff57886763b7a31013dbc255611a2d5b5999960a258a9a1c9eec3da25fbb2635df66a37aae8aac0dddd37b6b78f4f09ebd9d971d3d7eaad5edbbb7ed52533f97a3485c2862617ebf7123db2db62d6c233b362f95631ac30d91c7ec172e5ab38263c14a46f2bad2a5ac12599d5afdfee35b93468deac4f576705a5050a8ec1f2dc6da1d275ac5c51dee7effc193f62c4f944199af745a01243203d021db397a8be218f0089c846308c326fa4311fa5c00a9d8244a71490027927d880fe2404f8f3956aa3520a14810780d709a143096e3ca7a352a6ef2f21d3abe718912c896facb2731f15165f7619e07dab6691b397bf698715995cfeef7474f5f2c3f71c2ac488ec70d9b366d1233a097d32c1b9b62ef51fdc8bd671ac4eeda35fad6cd5bf5cd0b993f8bdbbdbe4576dbcd49b9c0d96b876f8fd835ba798b26bbdc07f69d99990c085df8626223271d3b7abc43a9d2c52f6c095d9c25177876fb4e4a4a32183d6eda599ec7f8c307226a65c747bb66cb815eab376c9b9d9aca95214903f8909606b81c5df2c46b5c265f4afa28443bbb5e134724315f1ec404277e838bfc00882b0021dc11e00d5dfdd0efa8aa08824397450e09776404e2793363e3cb8d1b37dcd6aaa5ddfacecd72479c94dd3542e5222262ad9c9cecb30414ba8d9cb33ee1ccf981a62685defa7a4f6ad5d9aefc8da424810e9a3f2694e7792674d312e79cf4fbbbcb0e191d38f7ecc5ebe3d53ac071e093fb383af84f9fd46fc9ef1ec7ffc7fefe0af12c762dfaf0b98a0b16acdef9f65d4a551dc3b0b5ac2b6d9d32d26d44c386150ad4af84a8113bf718b2a363e71e6bbc06b6dfbf79cfc56661a15bfc9f3e7f5957a7d619e338c5c8a5d4b35a36550ff6eee5e093d3e40fdeb3430377ecd8e5a390d0f0e9e33b75cd9ad6c79dfbf5f6eed1b5f1e5df7590638e5e2cbf6255c4e447cfde74502935c550121294f988c029a068999ec403219209a4890ba2a99317a93641a44615093805521c2ec9eb91ca04a2e544e06494250b7dcf23a18fd2d0f080f16a9011bae4c636d69b362ef5cd52fbcb58878099ebe647ef8a1d6c666cfc30fef0a6baf9b53e2346f94cbf71eb816dfb4e1d364c1ae5b2e947ed06ce5a3272dfbe83f643860e59eaeadc35dfa95e5d5c46ceaa57afc995e1c37f1e7bbe6ddbde0671717b7bbabbf79ddeb469d37c01fdcd5bbc69d4be7d073c94692ab3912347b8f7776a95add0b56d3bcfb498353b783380a238225b4dc30460c540b87453b96856cfe4174f17e4df08f174df3912eb627a549e1305384dd380c21b90468ed0ef528a0646a701994c06028bb2a9e900903548c770161666d76a542fb76760d73a33ececec7295b52ebfce116a67c2b4153377ee3ee86d5eb848b2dfe4b12d3bd955bce239dc3fe4d68dab550367fab9366952e7497ef657106d75771dbbf6ca8dfbae142523300e7be5e9e63a62c4d0f65105d1d7ff529b7f85f82f76f3f0d9874566cd5b14f3f4c9cb068c560355ca95d9bf60d6b0aef9ed03ffd910264f0df67bf729b9d0ba253346a332822010b342b60f8c8f3fe1fcfcd9ab7a388ecb780e98a2e685923ab46fbb74ca981eebb37b38b7ed3ad563cebca03060e153bdba75f77b0e711b5fa78ee5bbecd6cf6bb9b9cb2387856d8d1995c65095798c16b9cc0502e58fa6c5a6750c236a44a21645a250214c0c1fcbf84c5c0f24a8915a2ebeb65991e4030971fdf355334328648a44c675754aa33ad69b3785f8fc925bfafbb975ed39eaac52a9290c82c08e1beb39a8439b5af99260c36bc4c40995ac2bde1e39cced8779a333c6111cbcc25910707cec58f71f0afabcec4564646ce51e3decb38c918edabfdfb294b9f97b1b1b9b2fbed6bcf4ebec36255c2a53482f265eeedaa66ddb4573a7bb67fb52b525fc6487058b566d51ea38332d49810ee5264ff77723ae00bd10474f863f3c93469e0e9fc810f3a2062e9e2f423c5be8f888b9cef57f70e2b9433c0228de1c47d10fa8bcc8338081c0a9a05269b338c72eed833d5d3affabbe66df99eb03b784c7f818181ab113c78e7734a0b194f9f3a6adecdfb7f71c4fcf5ef97e6ef2b2f73fab7be0c0a9c29b76ec0e3e7fe9665f8d8e8072652adc9a38daa343a75665fff80b4841ac4776dbfc2bc47fb2524713ef984f0b5816fbeaf5c78602a383a2a6b2d393467bbadadb37cc57f6ae5f6dd4debd276d566e581fe0337b4aaf8615be6afe08d1fc7cddeefe3b2363a7bd7bfbb90ccf614053d4fb52c58b5fb1b5adbfbb7187e61b9bfe224c0a99d9566d9819fcf4d9b3d2fdfb3b87f4b06f1a97dd0393d77233e66f753b7ceca4e3dbb7292d7502296104945a84105f9c188eb420ad6832c7291c38944f1ad333ae21c3397ad122762e311506227741cc5ce9e863918a5334abeb47f8256106b080710c28a4f0be633bdba0a0a96e3962885abfe568e7858b9784595bd7bc5ed4c2fc869595f9e389a37bcfc9eb3afc97eb6fd89e60bf63fb8e91ed3b750e5bb76eed86a296452ecd5cbaa4994d312cdb2c876b361deaba6efdd625afd5ba922ce20400fdb940110ca22be59b371b023c66d0b17eb9e27d11f3fab2fa74a8a822d2cac5b395de08499220203219811541927a72194e04be619c0a0c64c4bbaa95cb4775e9d472697f87e639766fe5c75998bd28dc3374ebaef92421913975775c70fff6d54a15cb58eef7f119f2ff8ea3dc69e0a44d49b75f0d4855b150b278b18b1e9e03ddfa75b2fe6dcc72f9b11fbfb38dbf42fc27ab6def3c69f7956bf7ed6982065303e975ffa99e0e9d5bd77bf83b3707f5d5bdd7c0b8baf5ebc77a8ff35891b9ef3d072e545bb972dd728e93f22c8b51af5ebdadc8718c31c7ebd8d2658a5c6fd5b6c986492306fc305c2360f6529f474f1e151e3762f084df6555d8b0e3508b1dbbf68fbf9ef4b0b580cb25328909e83894770af9bad3b5265120a76b4de2efe8bf74ad2a33b2f8cbef3c70bc4ed4de510c3832bfcbe506c0eab462920c9cd3028d318885ed73bf5e0ed3037d7e9ea7f9fcf9f325044150710606823695967340305a35866d085db7f8f2956b4eb56bd7891fe2ec327cdb8e2dbefd7af59a299583568661588a4629359619685992e50435f1a1a0dd2cbffbfce5a5bf0953fc7c9f3c7e5113a7a4944acd1911a484206943d583478fab376e6c1b636bd72c6c46c08c53bcc0a6d5ad5e2bded4d4e4bd262dc520e5f3fb42c02b2996512acb952b7161ceac593f8c51df1c71b2cde2b5a1f3dfa7a86ae818e4bfa680a065a063100052af4523574c668d5c1f8e868090e933433e6ffd27e2ff7f23fcbfbd098817818cfafa1a3cf05a06645204a0d48294129e5a572ebddfa56fefa95df321bf7c4ed67eede6a30e7383976fa14889a290a9d16beb4a25b6ad5c32656c4edaf853ca1ebdfcc864d6b4a5b18f5ebc6daa6379b0305724f98c757374ecd4e04be2a53f65ac7fc238fe0af11fec82d3b0895bae5c7ed487c0a53801c2fdb11e43dc070db03df26f6cd8ac39c1e3132f5d69171df135f1c8ea75d1fda2a3230757ad5cf5c2c2741296790b778e3a141feff8f6637245a5ea930586f3a9e52a954a6ad1bc49b44521d3cbd655abdebc71f55aabb72f9f1b7b4f1cfecd85a020e715b527a1ec812309238e9fbad02d55cd97922acc8111486018a4f1902020a6b46fd824338504651e9828b8bfbe6c45eeae74d62ef43ad5323c280c8c202d4d05147a71733a3092112001d5db5e5ddbcdf69d3060d1cfe6f9f2e54bf9a2452b271e3f76ba1b29352a6451b8f8c362254bdf2d5daed2f51495d2203e3edeab68d1c2b706bb0f1e3e73eab4c8cfc91f8b1948254a8e510b129a5028d5296faa55ae7cbc77bfde9bec3bb4f8264d6b41aeed9fdef6f9f3e78bae5e13ee7df946520fabe2656889c2f4c5c3074fcdb42c9814b52cfebc71a306eb77edd939cd7940efa9854ccdefdebb75abe38bc74fda3c79f2a0a44e95fcbe5b37fbe076adbbacf8552446ccd1fbe5e72c5cbce6ddbb8f2d180e51ed02424600494945e1fc550e6700dc44510df85742812fe167facbe43ff1715fd71901de32c7a103c8683968b55a10182d482538309a14285cc8e08a9d6dc3f096bd5b2dea984f045059edf5eacd07bb042f5a1bce71bcac58b1427b4382563a5a5b63f91dfa8aef8fbf518dd1a59a32bc0a2f6a5aec619326550bc4d47df8f0c322b397856c7ef4e4451b1da7836a554b9df6f11edd393b912459add5ffdaf77f85f8773bea32de3fe8d8b17323294146cb2592bb839dfb4e1ee5619f2dd04d411c8e93274f56f21ae9bd2b68cee23e6ddbd6be32c37f75c08984f8ce43dd074e71726abffffb3e5784eeeb1d1dbdd7f9d5bb8f8d3e7efc64aa90d3bc998961eaa74faf536a59574a183c74d084b64debbc2c88b1666ef368d25b83edeb364d3c75ee627f86c3ca200e6c06857c012dc67c8b1ca8a2915c939e992add97f98db0fec2dca2d79cbe107764f8bd91af1ba5f6e200253e51ab74a2591e65b4329693a04a7993d2d3becd8ce040af6c85ab2c0909eb171db57f529a9a2d253330e14a57287fae955dabe0176f5f36d8b73fb69f7921d394d72f5f153133317e6653bdf6498e539b1f3f71a849dbd6b66153bd47fe659bfac9a19ab764bdc7cea8bd93ebd46f7aa49343f7c05b37eeb43d149fe0faf1e3879a0a23ea054d93ba17cf9e9727049ed4693560616a7473cc48aff1ddba34da979d73ba27e16e596f6fff9d6a46a8a16549e0d1192225e24f01f9aebfbce5f8af216822423dddf2f30f4298afbd7e6f96178578467901b97cf497514eab019a2241422034bb0e08d0411133a3938307f69a3ab857eba3d999475ecaecd875b2d9eca065111289ecfd54bf89f61decaa644910939dfe90eb2dee50dcb0d3a7121d5ebf7a594ea9fa64089816489a65095c50d2349dd6a861bd04bb962d56746ad3385f79042263ced698357f69ac96e34b7e4a4b8592258a1c3bb3779d5d76c6fd5f2af3578867daede94b36f6d91e19b7846704731ab0b7dd3b779a35cdc7e55f4f97e7d06df081d2a52abf363129f4e9f0febd766e435ce7ba0eb60ffbd94145e6a80d6ba3165ebb7ab3b38ed158f0ac5a5bad72e9bd13460e1ddae03770bbc71ebc5c61f9dab0d9771f3c7360789c4099a810510b8f042c4a3789f8ad794469ad059244c05e945ef22b93d617428e2f025d6fbafccac0950e06461cda28c10941eb19dc04f43b0118f2a5f36a75b54a25b6efdd1a94a3d4ab2b57eeed1a161135e3739aa6bc52ad96d372994050c47b899432964ae9e42e9d3bfaf4ed64bf75cf916303c2b76c1cd4a9836df8c4b13f37d3ff975e26bf9aebd29591fdb7eed835b4b96dbb0b6d3ad8871cdc7f64e8eed89dc38a1633ffc8b05a32f553b215abd570a5ac2c8ff9f8f88c685acfea4e4ed66ef9c67d5d56ae0d5d95aad41595189a43aa5203a4440e3a0456cbd4d097175eba3026c4c42a7ac6bfcccf17ceb7ef04fcf72f4c96c350462e14560e2ca3050c11c7080820c7028df36028275fd4aa5e69ebb07efda7356e9c7538634ee69cb96c746c42cdc0390be6b7b2b3db1d14384ae47dc8ebb33bee92edba8d1113eede7ada9aa66512148a4712ecab6225ccef4824ec3b438584f994966292fce17d118ed140a74e1d77f94ecedfcb6cd0922d43c2a3f6cef998aa36c30842e8dead535090f7a07f8d023aaf6b5a10f5ff0af1f4559dbe20d46bdfa163feefdfa79a631cf7d1a1bddddca0d9237204822a880d426dfa4d5b1970e8c08931e6e61627dcdc9ca73b38d89ccb4e5faeee73d79e3b7bb675838675768df11ce2935b8298ecf485caa0b0b8b1be2b261f3872d2950349051db29493126078419f850a316c712c303a161058482a43216528e19ba866eba952ffe1fb4eeffd1b7fb95e8823ed1c69418c960589440202cb0189f120a3405dbe4c91b5ee53074dc88d39f3c4895716dba2c2bd2f5eb9daa565fbf6eb25129a4b484818846182c2d4d4f82d30820aa52d7575e93bb55b873af1d95d9fff7a3974b90cf40d3af4e2ed8752025054bb76edf65fbe72b19ebb87fbe8b8dd5123debc7c215f3e7f6eb74a958cc458f99c3e3383435dd787462ee709890ca70cc50ba34e4c639a0e74cb24a9335e7c7a219e89f32f9b94e2998dea88af8024283daa3ddd264f6002e8b42ac0381dd0040b56854d4ef674ecb878cc1087c89cce2bbbe5c3a30e35ecddbdcdd9ec96ff5539ef80109fe8c8384f5e901453288c38e0f887762d9b4774ecd82ea275f312d732d73d9178d3f2eef51b763b77c50c343234fc34728cd7d44675abe75bce87e51b763aacdb1cbdec538ad28ae7d93417e75ed3fdc7f4fbed4c92f9b1ae05d1c65f210e004b36ee6cbb7e7d44e8a76475111925636a57afbc6ceba6697f0c28e4ecd98745bc464fba38c2cb6b82ab738b6dd93908111102b13b76c296faf5ea1d1a39b257b643cfb2d3f68fcacc0b89ea15bd7baf7b6a1ad354ad032a4dc3022d37048e17c4103124c4d1eb14096f44b0c1312ca8542aa024fa386ffd838478c6efdf1fcd1f53ab2204b191c2003e7f780f520a071ad341d93296a1072216bae4762ea81e32230687cc593cc66bf28439cb1644be7fffc1a443a7f64bd7ae59bd8663b4847da7ce2173a6b9feab67e4dcb95b8592957c519d26d5f0c38754e9e794e46a692a25c9e9380c25efc0118d28a3250d0c0dd24c8c4c1f1b18cb5e199b9a7e36b4947d685ab972bec47be7648d93de0a062eddfb5d4cd3301507ba0e09b0b0b43ab678c1c2bd95ab943fefe4d46dc1fa558bc7ec8d5a912773e9d8a94bfd77ef8df76580267842aacf809621c4bf8024bf32bb89b88a4c0f2214faf6c9c0627cf76926601ccbf32091c840ab6340ab6544618e78fa518cb95c4a8126ed33d02407a053a5d8d4aa1eee36d8c5af5d93f205461495933df9be6c52d233b3e9b3972dbe73ff612f0c232892243536f5ebacead7a7f7c26636c59efeaaedcb971f99cc9e1b14a151ab0de7cd9dd7363f130905066d1ebe2d227a1e4ec9645a469dd2bd7bd799b327bbfe114a565ed63b3feafee785f8cea3674acf5bbc26eedd93e42a12410275acabafdf1ce633383f16373fdb701a30722f4192daadeb16f4cc0e7f7748c89a1e0a8554e7eaea9cef042199e775e0d4fdc2eb366c9f7af9eab53e1a1d6f867c9194440e6a960582928874a9885d0d2941620248a419891a3309342d011d328367f259eaf9cf33715e7f61dafa0ed8964eea81085d389d16e42400c1a9a14461a3e3d3278eee6167572957da5cc6dce6056f1af1215955e5ddfb14cba3c74f3b942a53eec5d8f1a3bb9d3d79da352a3adcb34c69ab53fba29635fb1d99aeeeddbb2749bcf2bad1fda7cf1bbc7ef9baecab37ef2d3e7c4e2ead52eb0a7f4e519971022643e65c31442afdd1e74b4774b3c865410249e180a13dc071a5544a6b8d8c0dae1aca15efadcc8bbe2855cc2aa942c572a79d1cea146878d49c859b476ddb1133b3995dab4bd5aad70d893f10ef79edca8de6121a872e9ddbec79f1f25e1187cead03bb76b6cdd3999d3c73e3b8e83d07fcb53c6ec061247062de78fd25f1fbcb62e66c6719c03654e62beeed3b4ef674178fbe2594348582b4b41420481a081a911449204da5141572744140043128b10a0a73941128610b0f329ab8ddbaa56dd802ff417f148e02e525f70d5c1c71effe938e2ccaeea6205ff7ed6f3f6dcaf07ed9a6dbbd76ed89e9dcb98b3748298a1c3c74907be3c695b2649bcbee7b72e4e879730fc4278c231586044f13c9ae037a8e9ae4d6657376ebffaf96fb4f0bf1a4a424bafff88023694ab68990ca81a589f9b12553bdbbd5b62bf3e94fdbf005cb368f5dbf3e747a40c0f49e8e9d1aff03d0f66f8c77fcb425230fc65f1ca0d46175380130894c0e2ab516740207328521a4a4a5028d5e60082d8e4cea882803e57416fdd62857140702aea74dd5838510f02823cc4cff92d4bf50d3139b6498da112b0ca46bf03c070a2901dab44f606926bf3e65949bb3a37d83ab795d8f7e0346efc129997952d2fdaa5a96d755a95a3dfedd8777c56dead4befbfcd9935657af5d32993bdbaf7bd7760d0fe5b5af1fd58fdc77b8c6956b77ba5db974abfedb776995923f298b0246297082001da29b452154140d3c50e931f35cba104f0f9542cc24480745c424a2b99814696bc51cdc62b6b7746a510d0f1486084ed8777229feba4851d33bb56a591f6ddea4e9ee8e76359fe7e7dcfab84c88fe98ac6c51d8d2f2d1d367cf0497818302d4293ad3886d5b27a7a4bc2b5baa94c51b9b7ad5b7fa4ef4cab3cfb3bb9bdfaa8b576e0fe509b928c4f5daf857237806831bceebcf5166012e9eb9ef58d8c517e537180dfdf914780e284a8ff34853ab406ea010898a045c7fce0131090a00348e899a3989f8fe51e21582648b17358af319397464ab560583f0cee9de790784fa44471e9a8a13244d50bab75ec35d270c736e139ad3764e5fbc5fde77824f5cc99225ae6ddc38bf474eebffaafc508fc0f58712ce0ec4154620a1b1fb737c463974695f3f293ffbf8ffd6d67f5a88bb8d5db0f860fc919128ce5846930f268ef3f270766c91e79772487088a3d718afe8fc3c0cfb0edf6be43bc9fb60fd0635a2572cf7cb93a9383fc6e5317ed1bc43c74e0f667099198751e9c256ffa2fbc70b1151a77e6bb54c1f022652a3ea853802b7e9fddc580675a6d8167a21f220e08c48c221b2b6712410b81c21e300d7a58294644046b11ffbf7ee3666f2c8de397ee97cbf1e1111476c97af5cb794e179438ee7d44d9b37df343f70f8dcf09d273b6cdb1639562a955bddbe7da7c2c001bda78f1ede33dfb4a9d349cfcc4e9cbad2fdecf973768f9e3c6e9da6622c380611995062ea4c316f3acee9b544f122838bb1d16815395e2db28ab10c0e94440a4a460bb484004cad0412a7410003d0b02c480c30d0e89480d1889296070ab5c370223d3d81f3807cfd88e4b658618bdb25adac0ed9366dbcd7cbb5edc1bc9e99e8e84b8d162e0edea2542965952a9549e8e3dc2ba46bbbfa2750bb6b43e37b6edab0d647ad4ca950ae7c9993dbb72ecb73dad37d676e959e3c2930f6b312aa09a40168785c646663590d486504a4a4bc07535353d08accf93f3699ff73ceff74f16468f23fd4e2334eb978f6f54950c5a39efeb7400a0c1435915defdaa1cdb22963ba675bdbcdeb5efca83eb2f60cf2587cfaed9bd43a148d43c78e7517ce0b189eeb3c013efef3671f8a3fda67fcf8715e4e5d5beecdaf311f4a482ae9e31d78f8938aab8096b15429cb3387a31737ceaff6ff3fb6f39f15e233966c1f14b6257a110e98a1422179346ac440f7bc0a7004eceadf7fe0ba7265cadd9e11e83737bf0f8463b771098f9fde2dbe7af3d2c605995ffa57e30edb935077d3a69dfe8f1ebfeac86034ce629498652cb78fa8f188241ae9999e9120e7f59ab6f8098e0861b420e0287c0c316921fa6ac485ae00e0b4a0002d48492d34a85b65c1daa57ee3733b8eccf5c68e0d9a157f34be7715ebca67073af79fd1ae9dcd175ad2b3579f170f59ba6c66d2d53badcb9529797947c4e2ce79ed3334faa0edb113d7ba27dd7ad4ec634a6a2d0dcb00032cf01c0e146d0820e82f494810f038936e1a26f5ec6208edcfa2ac113a9010e8dfe8164481969080c0ebc05cc2434a722a50f252a0623850b39f40a22041a953818496010534f01cba40f180c05802cf88ed11180e328a44e6dfcf0652c9c5bab5ad133ab668bca94b9706b9caad3d63c6daf1bb76c70cead0a1edc69901ff048c9e3a75afdcd6882d236fdcb8d264deac397d1b34a89267628f159bf73a85acdabe328da14c391cc58d236d9c1509822434066a354a492bcb8110cfeb4e7f5b1f99d609460334c1299b34aebbb97fdf4ebead7f43f4c88f6611bc6ab7dbea55db579198143733955e5ab5ccbf455e7cda478f3e92ce0a9e1a6f6652e8f3f6d0451df373e536ef4868b171fdd6e0a72fdfd6c228129a376fb464edc2d1a3f2b38fff4f6dfd278578f0da08e715219be70898a418cf6a525d5cfa8d9e3aae4f9ec15fa326cd5e78e17c62c7b93316366a5600198e02025605ee3bb0dfa353a70ef37ca60ccdf74b425607d77beeba713b63e23c3ea532e5640a63d02290388ac7cdb626f3cf1e7e24c4f5bce77afa4c1452cef0282729e2ab1644ba4b8460c7318998f4448e69c0d4103f7c36fe2b194e56f3f8d5f7c82fe83775c2aab215ca3d5c34dfffa7a91bb76c3bd02322227cd0b8d1c3bc6c6d732ed850cef8a025619e7b0e1ceef22955d72c355590b148b3a629c0491c789c154de04813ff22c44597034a0a837e8a39b6c44b0e8fccb72a2d5a07902bd2a048314bb87d370578968106d52ce1c9936790aa33873486009ed2002730a2b583c025c0e9b3878894a2c8874b9128073b2622fd59ad06080c030afd47a2f801e65591c2c667dbb46ab6c7674cff1cfdbd0c1d3a3ab055bbd6f1bdba77fe65ccf4d2e56bfabf79f7d638709a4fbed0857a4e5e343f7a4ffc385c620c12b9097c4e4b134167285c4a48e740cfcb79c94b5d143689b35aa00901584d1a989b1b5e1a32d8c56758dfd6bfdd5de6d06752c49ddb4f7aca2552cd80813d468d72ef9c67cbc0ccb9a153626262473b0fe81334629863bea2c9b76c3fd164d1b2d55b935355258d8c0cd476cdebce5c18386a665ef6e3ff6bddff9c103f7dfa9999abe7d0930429ab22080253d3baf28eeda1b3fbe5750303e66c18111611e96764620ade93a6d83bb4b3ce5618584efa3d7434b1e9e4c95337972f57e1cef6ad8bdba3ba070f1eb569dbd62e3127ede4b42c126cb397ad0c3e73e97a1f2028035e208092c941add102e02861491e357131c04c0f66fbd292682e46ca26f26772a27f91e35911d54e891a270614b0201534cfc68d1a34cead5fdb1d399dd78fca23c4f7f5eb171abbb90df86552125437226277531658e8ebe498a384285b769fe910b52b66e0a54b373a12a4818217503e6b89881d409a22fa9f80211a5174919188a674712cfaf45400002000494441548d317d4cbd984b3d5d88b398489f03844a030a32056ad531148578cceebb40e204746b5b1974ac16f6c6df051d610aa48206a5520d72520e1c87569d16fb15f9c07924dc7920297dc21924c825140d3aad5a14e8148901418aa6f764eb6a15a2db366fb1c67d40cb6c9df3a4a4a306d6d67669d9d9a3e3e7ce95b16d90f38bd18fda4eb8f6c474c4e849c7de266b6b90b4110021078d8e030ca3445f36e22af81a60969dd1e55f1924c43956030a190dac462372219819281ef5ec69ef3bd9d3616bfef594754bcd5bbb9dfffc4955af7051e3f387f6ac6890758dac4b2c5bb6c763f59ad58b8b17b7bc1ab77755bdac6be4ac845fe0fa893b76c6ce6038416262207be73aa0b7db88a1f99fe92f67a3fafda5ff7342bc5bdf295177ee3e74c480154a95b48cf11d3fa96f5e49188282d68f8c88d9ef99aae32aa15cd8254a15bb386182e7a0aecdab7f134f991fdb3bd06dfcfe7317aeb6aa5ab9d649a9047fdbb051853dc33ddc0a0ca1b925e64293556b37fb3e7bf9a13d464940cdb0404b25a0663508a206045295f320c4c5f8f02f4f66547a7a963211db86b4436436e6c4bcce3812741a15c8284e68dbac81ff8a056367e4c7da16741bd1fb2e35da1113eb75e9c6edee5a4e90b21c720bc840e0d1eb9b1449ec90ef5f10f4da36baa6605cc625490f4a032c2389182eba311099898c043061b56040be0577cfa670e7de4388897d09129c86ee1d4b814dbd9a307b6914bcfc4880061420a18d40d0201b08090c426e13b888374097038efb9a3d0e7dc6b23c48690920b4b2c0b14021149c80ac041c18cac8270d6bd7d8d5aa7983ed7d1d9bfcb174b30b37463a6dd814159caae28b61b811e810988da7f419f150e8d737b4bf057d0a32b78f886818317a00013d35a94a2031007353838f552b94d93ec6cd7d72c386850a34e5311acdd1a302e91730f8fac7f79f2b77ee623b775ee0c8c9f9b10aab56c579ac5eb566a1b18961d2f4e9d31c9b352bf7cb10b5dcf4e9e23163c585c4abee024f60850a99dc183769a843b756360f72d3d6ffd73aff2921eeea393b24e1c425779aa609b99cbfe13d6578e7ee9d9ae489fb77e9a235834f9fbbdaa06e23dbe37b0e1d717bfeea7d3324db8c0c2537e6cd9edab575bd8ab94a9a72f1e2dd2a0f1edc2beee4d4e91ba0dd984981eb8f1e39d5b79059899b835dfa4eebdbb745961a636e0fa77fd0e6e16111b16331d2b08c16d1a6a2cc6138061c1232c00189242acad79d09b59bf3befe0916d26726d3b3682141867282e3485b45613a140e02ab04814d85d256850e06fbbb77ceaff498391f7bf66ac49fba596a7b648cf7c973177b26ab58538c5600a09024520a8c961333b521d21a5ed001c7e944618a72aa9324ca67adbfc4a054ab7a2d1c7d8f80017ac435fada80d48124f931b46a6c051e235a41f88e3d101bf75994f9bdec8b414fa7b6107de0226c893a0b29ba2240d14581d3f080134888a3eb2c5a6b7d0c3f42aea37f8bbde2e8f2448256c388216ae8df5aad46746b489016ab5503c16a404e61c9ad5b35096b5e67d46827a77f4d22fe72337c82568fdd12be7bae869591464645214dc90386b29511e862c4656f23f3b9145a736425914aa5a0d3702097ca81e00154299f404a0114b33038e131a4dfc4013d9a65cbda91dbe125260a94bb579fbb1ccf59f84c1dedd8d3be499e818c682c813356fa1e3b76a2fdd8f1e37d3a76ac733cb7e3cbaa5e879ea376debdfdd401b9472a572d75342e6249cbaceafc2f7dff9f11e2237d97cf3a7cf8dc0846c9199818cbef7575683ccd77bc6bb688537eb5e1070e1caddcae9d9d087c4266e7796bd6ce3f7f3eb137006e52c8c4e8d29489e306766d9d738d3c21e15cc545c1ab7c5bdab53eeb35a2ef72d43e4ad431cccb674fa142164f278ef31d57a58ad18782388cfb4f245a6e08db3de9d2a5db7d04cab0b05acb83404880c709a0684471aa864fa99fc1c4c8205d88e77e147a746f462633a47da30f903999d7c7da6252000e038ca7005816a404ca709106a58b9bdeeedeb5add788415dfe95c434d99df1c2901d9efbe34fb8dfbcfbb806a9300024c0553a163881104970480c172f271c270081813e9e1b08f1df2c2388825c0c071305f857733a02fff1182e0a2209fb164a504f60ccb0f650a38e2584ed3804e1bb3e023002b83814813ebd9bc3eb141d042d8b855b8fcc205563011832c21338d0520ab49c0e184ea737a1e32805e757163374b94000308a9288c2066112f4021ee10a55408be1530268942ab0b2b2bcdaa7a743f028b7d67f64feeaf67d46463c78fcbea75a47008e1b88e799132d1b3f0c9dc8ee16e7ba1cbaa4a2f5fff8f12398995a804ec38032550546729948d9ca6a53c0c480bed1b367c7c55347f55e9beb8eb251b14d5bb733a94a55053fffb1769ddad8e40b07bacf94c0d1b6762d4eb66ddbb440dd7dd187af549c1db068a75ac754e5041d54b32ebb71c7bab939a25bcec612fdb145fe13427cd68a0dce9b36ed0b66356421855cfea257f7cede3ee31cf21c8af4b35d9d3873cdb4fdfb0e4f522ad5b29256c5ae4e18e3d5bd63abea3936f1ac5bbdd369ddc6b0d93d7af45839766cefa0211ede2b00e798d5cbe68c2a289291755b0f355db92e745e729aae110712506b016486c6a0d67222900a69e0c8772a934940a7d30281676659cbf939ff12a283f2406348234439c2f5da11125d08894e000da42001816180c6b520a7746cbb56f54605078c102f377fe29398f8d872c18ab50b2f5dbddd0b89471e93014f202f3ed27c91d93cdd84cd33a2f046021441ef055e4f888361a428cc45e66f51534c37a7a3086631140f0594f140e21c109afbd0b39902dc07d882565043f8ce73b0639f52c40ef4ef680cfd7bd6033570107be00e6c8c780da95c5950b214505203d03269805cefa2355d14e2faf872d4af98c75dc0444a5b866144d33af29123418e806188c484e43811c98ef647a751838cc69946f5ab6fe8d3a7c3f4b64d2b1778a29d9cec7de4a10bb5fd0316c6aa34b815c34900b9874432a21fc73fe6a4e95c954542fcebf581009d469b9e4a1771ff33204156274e05c0aa3eb66862b3d6bdaff3dcc68d4b7ccc556759541a3162f69c53a7cfba8c1aeb31cca55ffb9882e8a320db5cba36ce2164cdfaa52c0bc5719c87c68deaacdcb8c4d7a320fbfc53dafe9f17e2471f3d924e1b35f3ccfbf79a5a48a3b0a9556df58e0dd3dd0b7a03868e98bde6d0d10437a9dc002c2d8b9c1a34a8efa4fe5d1b9dca69bfad5b0d4ad26a75853dbd067b989a1adf33af51f49e4db162aa9cb6939df26bb6c6b70c0ddb11f4fc75721d040042291dbf1265646ee12b35a51e9096fbe7a7421c091291f58a0412a381558b586d30920218cab813612b27b7adf09bd23ce674763bf69d6fb56aedd669cf5ebd6b2666d512d71191ade857eb2b431d12d06246753de21eb925beb826f4d60901e380a409d068f45b6ea83001ad5a075a95064c142408ba5750caf43df8b957839a954c40c953b07aeb59883b8d834a990aeedd0a419fae95818754789b2c87c9b3cec0e30f96a0a28a818e978020a881c0107090021621d4512c3ecf8356a7d35387b208f895fea06801f46b26d63214d28684bb016d248e0b919ae08206ca96324ff0f2701d6cdfb6eabd9cae5f4ecb9fbd77cfe8f3f377c5dad935fe120af8b336ecfb8f5bf5e0c9bba19c2083541503802881d32f5168de62121dd1ad80c888f4eb51908f3ee63ff36bf8eba55844aff3e8b2848326f503d4b42e1f39d46bd0a8ae057039dab0616ffb152bd7acecd8b143a8ff34f79f466514e45ae4b5ed71d34226c71d3819c0e880a449e2c3e4f19edd0738352e30337e5ec79b5ff5ffe78578dfa1fea1e712aff6c3090acccc14a70367fa766e6353ee736e1770cb8e7dad0ec71f6eb971e5029f5fb571ef9e20d914be695af49e7d438020cda472f2e13077b731437b36db9393bebbd88f38ffece9d3ea6ddab50c9e376f94774eeae6a4acefbcf51e31bb0f8f4e510a15055c0238290315c30041515f34e48cf6f48a4bc6d1c927218e3451f17d9691554a9fe484e771a0300a6428944dab068a577df070eb3b62ccb04ed97285cc99b3cc63d224af551896cdcc163959b41f949d1b12eeb9352266dafb4fdac2186d2032d2a18b10f26bebd3bce8fdfde2933e57f4598600cf20bad1bb13386005ad187286926c503805024b20a735c8481a683c198ce997e0dca51c74694281895c033ab208ac0cbb085b0ea48a2029d74e0a18d4d31a04ee15705861d8739c81f53b1fc0e31453e0290b20d11810321d5184728228b4106a1bc915a47d67c8b06fc44c66e6321c079d4e0752ca00381d07344e022ee880d17c06ab1266f7fa39da4ff61ad2215f898fbe5ff629d3664db430b5f83076f49075596ddfe173b70af9f82e8879f946d9446a680a6a0e8108ff592b43a017b410cffc779459968be7404c978a48df44267844bd0e15cb5b1d1934b0d77897ae8d2f6735d79c7edfcdd17d87446a601abe7541eb9cd6fd53caf7193a73cda54b77dc188d00654a16b9e03b61604b3b3beb6c4545fc2973c8e938fea785f894191b464745ed9b8e53a49181117161e4a8419e03bae63e1c2b3131911a3121e0a04dfd7a2796cef59d969dc51e3f7d955f78e4ee2952b9a14c22a11f8ff61aea35a457d3b8ecd43d71e2661d3fbf99bb8b17b73cb5654b503f0c139da2f9fa2050cbf2f0f933134e5ef0c4308542c791a0d509404a65402114ba5a0902ae270311a951d35f2c7a6d0c698b7913e27a81f6adb6a307b689225c44bff3c8748b6140f03a2859d464dbd1d8a57db3b308686e7efefdb77773e8ba73a89b538121f833c6326ddeda80b088dd63d23482c2d8bc387c48d50241c944dfb59e980521c2f59a378e7cdc2223ddd797358658c5c4cff40c751ca1d3c7c79304601c128e191609010c2404f0ea7bd0a8060b53bc5a4071f95360b59f404b9580553b6ec086d86490482870ed2081214ed680e99e02411ac17bb602cc5b730af69dd3024f97010e9d280101eb909f9804ad28b871402c861aad4a24d8418f3e156cc6dd433f1ff1730ac43ac874cf309c482baa90c941605850ab52c0d4804eebd4d96ed61c1fd7d9d9d9b3dc94b16ddb3bb6985551d5b60d8b7a65a7fe9aadc75b062fdd10abe6083902f62194bf48099ceee210dd0828a528417cc3479f9db6735a06d7abe2fab0c14c79ca11452cc6a3503f42643144694ee5340e6af5073031a21f380fe835d17b48d77cbd1cad58b1dd69f9ca0d739d9dfbac9a38de654e4ee7f227943f94f8c07896ffca031fdea43540ec83d56b168b88089d9dad73f1278c3f3763f89f15e2ab36c7d759b972d34ead064a0a02f364ecf8c14386f46d9d274ad581c3c62fbf78f1aa53f59ab50e84ad0dca766cf9f88075fe91bbe24650146d6628933c1d3562a8978b63e35f6ae4972ebdb258181cb45a2197bd1d3f3e7064850a5826bb666eb6fa9f7522634f575ebe696bd0e3676f3b723c89b31c32f9d2209519429a5a23262e11b38c8994a87a21ae377feb53868a3a739e4f508670f8b1d912b188a1748e38cb809101f962dcf0215d5d9d9a5dccce0aecda73baddfc05c14bac8a599ddb1eb6684076eae4a6ccc94bb78b2d5db661c9c52b37bb09a41c67800252660c294a1d6094f4abc04379d3454f3fa7cf398d219215c4c68604b45e31472f75a4816708711ee1cf0912704e06c0622001e487d6002e7c8242f2573072602568dfa410901a44a486412a6f096ba3eec0b6431a31146c6067290cec5e1e14f01ad43a2df0f2f270fc8a1a966fbd0b0f5f2b000873e040063c07405152f1a78641a96233f62363df332557c9a0c5450889f470388a465ce138e8d45a91454e462bc4987e6d5a32142e24679a35a939dbb16dcd003b3bbb7cbd8886ef3cd62178d19a594ae527c9ea95cb1c1bdb94c9d2a48ef6b89bf3b44d17afdf19c0d1323d6151bae046821c99d433ccea62185a013ee2be67e407487721a1ee90f3084520a0bf3334040a6115040624340f4ad5273030205f38746a372f68a2cbd2fcc4c7b8bb4f5d76efe1dd9613268d70e9d0bac985fc98faa3478fa4576ebd69fefce9f3b26fdebc29ce331c696151fcbdb985c923ebcac5ced4a993bfd889b561e79b6fda10bee6ddfbf71579e193ae57ef0ee302a6782ccb8fb9fc896de4f915fc274eeaf0d9eb457cfd16c62a956c3d4ecb311d3bd805cc0f1c129097b18e9f1238f6e4a9d303b53abe888ee1c9068d9a6d59bfcc6f6476db5cba397ee0e24521411cc3163237337aee3ca0d7989183ec7f985b18a1dca706f86d373555bcdbb03a7870419882374525b45eb93a74f193576fab1a172a0a29a92ac0080948683928d51ac04952d4445814f2243edf91b1881ffd93273dbbeb91512e239c2c238fb85e33d10b1031928ad380548283c0a440bd5a95d66d5f13e896dd3e5cdcbc37bd7bffd15aa54ad32c5e32dfb966e5a2b9a20cfd557f2847f6ec994b36df7df0b0332d31040d2b004648c59f024101867f4db5aa17e0fa042fdf0af1747f78c69c71369d339e05966745d21702d1cc6a793091229cd34b90d16fa14b6b2b18daab2c18604f01675300230c2155b082b5e13721ea28cadbae06177b1938772b0585e49f41a549069d60001aa20c84ef7909117b1f411a570218c20c346a46a46ba56919702c02b5a1a428e8baa12797f90ac1423e6ffd454e7c444e1e0e185e03348d02dd05502935806332a07002e4620cb416382619ca97b38c3eb46345f7ecee5f76ca8d9c10bce873aaae627cfc81fa1e9e8397fa8ce9373d3bf522f65cac3b3570fe21254f9b020af9433111228b9b3efb9b78bc33fd9e9d367353465ccb4c9e9eaf5706bda50bed855c2e87b4b4343dc91181c08f3a31c5a93a2d59a851b16c68c04cef5136e5cc72ed22fc7edc43864dd8f0f8e943eb71e3c70c6cdfb269ae938b44080271d67bc5bc2b57aeb57dfff64d699aa6e55aad066775ac5646cbd200e378990c528a589adc7776765edfad4bcb88dcace18feacc0bded967fde6adabe40ada90a2f1d75e1e031d06f4c81e31517e8de177b5f33f29c47b0c9eb4faf2e5bb435896e78b5a989e9cb3765a3bbb326534b95dd498987d95366ede3aa26b77a79d4937ee353977e162c74f9f9496762d9a6d1beae21c686d5d385b3e97c933d7f8ed8ade339ae130b3a2458b3e6969d7687ec024977fdc10478f9db9e453ea3bc5e471c346572e80bccf215b0ef75ab2748dbf80492a7338329b727a932d868152855ec634c8e50a48552945904fe647ccbf9cfed2498f26ceedb2eab393a56b214860ebc15d28c3999e404634e10a3aa0091de8d46f5203fd27da0f706c992da0caeddbef0cddbdc625942a5be105cb6ab8464d6d368d18dc2d2ad783fd4145449dea38787ad8d59b8ffa20163423631360585e449f53b414b4e94201a1fa33b266216198d9342df2ce0bfa587b512c223705225d41a42f62c6314244e84b3105608c16a4f01130e63154adc4c2d861cdc0daea3308aac7223b9b863100962a0fabb72541e43eb5089a1be020837e0e254141bf05814f0186c100979582a76f0ac1faf01bb0fbf46760a992409252d031489b96004ed0626c384aad8988673284b83ef3995eb8643c628c3b21805a9b2696a324289e1f4926126852023aa55a8ced47ae10b5f21db4b66db03c74b9bf577eecc3f9f32f4a784f0b5c63dbbafd99c8a86d536ad4a87c68f34a7ffbecb6ddb4f3e0dd8fdea8ed19907d01b321e47d86595d8f092858609b3eea408f89f8f6ef49bfc628322039f923181b1b8b7f9f1a559afe6f921740420070ca14b0ae5c3a342e2228df92229d3e7d5a16bc74ede6d4549595a7d7e8095d3a34cc1123211af79ec337ecd66d089f7cffeee3d60cc3e014850345722f1572c9eb4a952b5e2f55acd803954a2d7df9fc5995274f1e156759ad61cb36ffc7dd578059557d6fbfa76ecd9d82191a019512914611910e41ba4bba3ba5bbbb1be92e2514504204444124a4a405949eba7dea7bd63ef7c288c49df0c3dfff3ccf3ce2ccdefbecb34facbdd67ad7fb7ebcba5deb06d3b266cdca6469527ab4ed3e66c9b7078eb6b15a4291256be603df6d9df67fb27efcff9c111f39736dabf51bbe9c09f0a192a85fecd3a7739316354ba7180472f8f0c5d08f3eca93400f16a94dad5fb6b5ef91a3475ba48bca70ad5ddbcf86d7a95124a87ae5c9f3377558b172eb6897878bb6d9a4bb4dea941d3fa84fcb5934eee5cb8fc266ce5e309ebe9dd3a60eee9ad287f879fdc7ced9d87ec58acd23353e2483ce31c24ec4273811126e631f6cfa11241e0e870b168b8db189191951bf8c63c02b0ba4e703f2a0c998ec8b8db889859519965bf7005a3cdec99b7eed376b67059dc2983e7b6bdff9f317f72f57a1f2bec2c50a6dbb78e1e4c7d3c6f54ad5356ddd7dccc24327aeb77fec9019925b5709d5ed61f5d48cc65435d8b88c8dca3f178872a0c60f79e6540b4f6d0374b301b5322a33e220a91648ba138272036f654d40f54fa350b5743a84f96ec0022774d102a72f12ba94074b569dc3d66f5c8c22b5696d2b9ad6cf014ebb0e110910341e3e250426734e1cbbc861ea9a2b38f7070fb329149a4e78081ea26485cf2743349ba069348f44e43b944661f15f4aa970507c24c5497cef7e1220bf6c2c79b5c4426635dbe08a7320c216029198de7cf1f8f083f7e6af983fb873b08fccb61dfb8a6bbac65bcc36136032eb32cf6b1ae739f2d3cf35eedc7f94a36ab54f978d18396c4b4898ed7ecf9e9d06483cf7d06ae138a214a01575b912b4a88834f1652abcff3756b9155f1ea83061f6ba4df7637c1164acc960d2bce9a06b22231ef0ca839d6bd2da19069c6d8efc1b57b641f26fe49820aa4e14b13abc5e2f9b1ff1062832e5ef05a81e1fccd0111622225b96b45b6bd5aa30b675a3f227933687e7b73e71e2846dc5daafc7fe7efe76d95c39739ece9bf7adfdf9f2e5395abaf4d36a8363c72e877df041ce7f30ca4d99b3befd9ab53b46b8dd7a46aa5c080f0fbd59a868de3d95cb975857bf7a8983cf3be3175fec6cb169cb8696911136b56b97f61d3ffcb0c895945ec7eea347d38c18b964ffa3879e0226c986c285f2ad5c35bf57aa6d76523abfd4eaff7fca886fd97532dbc46973773d8e8bcfa76a6ea576cd2a43a60deffaaf0985acdaf87d8dd5ab36f479f8e0c15b2d5a341addbd53dd85c1dc98f1b337775cb56ae7748fc763090bd19c5932471fcbff6e81d3bf9e38592a7d74f8856e5d26b42d5af409bf66304306d5a6dbd05943bedab9af9725242a4dbc8344450c563032343e9f8781942829aa508daa993ee414caa55ffed3883f1b060f6a02cf69141827f0274e97401acf02817a88150e6e9844f7adc19fb76bd5ac76b97d8987f87eefb19cabb76cea169fe0c9208abc6eb38538424223bc3a44eef82fbfe58d8d8b2f52ba6cd9ad5d5b75edd26748f7afed615687d71927d8ac265dd47945517c5e15724285f21f6fefd8eeb3a04142baae0b1d7b4d987ae0c82fdd1daa9d13ed91f0f8a31694c3977dc6075796bd7e4fce00ef2536e486a296e171338636ba5e8d72e37e4112268042b5db12fb9be01360e5e360e5cea36a8528b4fa2c37acda55d8e48730f3348e053e44c3a9be89c5ab7ec3ce6fc900f950bf9a8036cdf382d7fe80a0c531ed70c5c343d522c08717c4da034e2cdef80b621e8be04c51f06a02244b285c5e1f24d22bd78c3cbe7190d1a19a75da5e19395baa1c200343d11baab926d218c114488750d48134b5015ea194800251f7c26ad2912fef1b8b377e31a67d30cfcd885153da7ffbddc1d64eb79add620ee31d0e97106a0fb33e8e8db356ac567569c5cad596f5ead363778182effdfa51a9927be21f3fc814f3f041d6cb17cfe679f8e79de8c8b0908bb56a7dbaa073d7d6ff20a1a9dcbcfffadfaf3e6ce8967598ac76783c2410a3c16c92a0caa40ef7f748d4df81987e505a3017f1dc368601370e43f4e709fb6160b3ac19f804faf17a891217304916e8e4b92b2a2c3c0fb73316363360b3ea27fa776ddfad59a3b2c7923da5673aae5ab5bfc6ce9d5f7f76ffc1adb79d8e78bbc56ad535282e5d57136ad6a8b6bc7fdfce7f23a199326763fb756bb68df1f8f4685ac7a8a8b497dab46ddeb355830f5f29ea72e1c2edb493a64e9ef6e8f1a36c23a78eae5528478ed8945ec782357babce98bd6a95ec15d2c83eb7d2a373b3367dba54ffd73842523adfe4f4ff3f65c4eb7d36ec8b4b176fb672b91c489bde7c6cc6e889e552ca8bfeaa45a5b0edf0d1a3175cfdfd6a99468d9b4ce9dbbbe9f457f5a1bf77e9366bcaf193679bdc773eca48f4e32641f765cf1cfdedb4d1631a051b9e0fe63c8136e3e6ed68b57cf5e6291e1969086c15ef722224340caaacfa739cba5197cd883e02c71305e444a74a8c46ff27b23c2973a2b68cb18c03886949266e6ed16ae8892b3a245d83052ebc5f24f7a2550b873db7b67fd6ac752d972d5ff7b9c96a4b97efddfc17deca93f770fa0c59becdfe66a65b93a64e5f91396bd63f2b55fc64c6b4c95337c4c5c6465904d11b952622ce911063f27a12eed7ac5365cda8c15d93849cee3860e68803fb4f0cf6ea92a8f022547f0ed5b876ddbf9e8956c28feaffa7ce3aadb5ca82ed02e3f3a6f4b246383646074a9e3ca98c8559c3a1c4b910667e880f0a38d0a6711e64cf9800ce77075681845274064853f834707239b070ed396cdd43e3ca68529d43dbc6792128b7c16bf12c174f9e9e0e335c5c34ee7a3361c1aae338f29306979e115eb3154e4d87ac0b6c8327681aa52e9956b9486c6e70f969596d1048a79c4ecc8ec425824faf5de004e6d19a04f1c98640f63a91364db8af4a850ffb4f1fdc626630cfcca871f3bb6ffb6a7787f419b286647f23c78dabd72e67befbe041161f27783ea95a7dc3e11f7ea8d3a953d7feaaa258ce9d3bdbe0fc995f0bddb979352c6b86f0a33dbab51b5eb56ae9e746cac64c5dda7bc5865d93653e0defd24d8cc58d58eba0bad88647086caa9e44538c679e3656ec6df91b5e20982b79b6cdb3c0cee7956e2606d7fdfd9d24dc01bb078a17bae646d60c9127bab4ffac75b35a1fa60aeb5a60b6dbb7ef2bf7c30f3f54bc75eb760e97d71756bc48f1ef860ce93a2df1d51c3a7439badfd0693fb89cdedc3e35016111e2b9e1837b76fab4c2fb3f04bb328c95b2eb801d39df7ae7f4d4c9037a07dbef65ed9a75193befd8b1739d282e932353f4cfdfee989a2a022fa931b7d418e3ff8c119fbaf0abfaf3e62c9f25c092217d74c4ef1dbb34edd8b4ee472f953d4c8d050c8c3160c8e451c77e3cd1e8ddbc790e346cd8606ca952f95e49f63f72ecc67e6b777d3589543dec269c1c31b847d3ea659f6a57a7d6fcfa8c5a3a60d79e233d1c6e3d83466a6064ac4d46590dedfc535cee1fe274000020004944415425968289f2640388c2932777cdff386a1c2b553243418820dfe9d5e5b3b6ad5e22cfb87bff6f05962c5839eac2ef572a4a36bb94296b968be933653cca89c870ebd69d3c76ab5d8c8b75b8ab54a9f29585e7638f1e39542b2eeeaed2f2b306d31bd6fef8cba44c7fe6ca6f1acd5bb47aaec7634a43e90895a44093f916d15e851788a98bc2a266584c64147df0292e68a2c28085226f82121f8f34928cb73379d0bf4b2164cff01056dc81c43bc9e6336f9742f92a1f8104211be633234e002d19cdab7168d7383704df7de68993610f70d27b61858f4f8fdb8f233175fe099cbb29228e8b8043b5c016190d97d30b91222344090b8aca2800ef86aa69505433349d87c84ad09eb7997bba28041023e43a19738a50d041e43559d287dd6bd5b042c3ee9fd5080ae770e2dc9f6fcc98be68acaa72e175ead65cae43f0fefceba9467bf6edaf6d124c5a58680477f3e62d7b88cd02d5eb7496fcb0e0864e2d1b8e2a5cf8cd17ea2350feb7eff0b9476fc70a057d4228bc54da25e8e01417249e22248627cea07d8c7c87de1940201ae05431e24979fafed9d6272bb098cd08b158e0887d048b4947fab4f69f5a34add1ab63934ffebf8ad2b4ef3679f6fe7dbf763559acc89c35fc58976e4dfbd7aa502468031eb8bacd5feea93e67d6b2691dda7518d8b871d9e7827f93b26a04741e3e6ac1c13f6efe952734c48ef2a54bcc9f3db953d0e99ca49ceb75b44de6e7e7754cf5c5e7dc71e24fdb8421430edfff2bb6904934c5346f5e7fe0809ec185b653f34a162d59df68edda0d837c5e451af0f9802e356a947c699efcfa75ddd2bc5bfb9f144db9377ae8c01e154be4ba909af3a1b19a7618b9e8ec85eb6d1ec57a79de6c67aa57c4f329988905ccc3c047afdf881bf5e6b4b120e21002ed587811264d469e1c19d7ecda30bed9abd6856ac2d76c9a35f1bb03479bf182295ad63557a62c99ff7cf438960af47d1ddbb71f299944f786b5cb0784854a177af6e9d2b570ce8c0f5e356ee2bf1347f3a0a163f768a22d7b42820cc96a674634d9461c1cbcaa06bb350c9a5b85eaf5c06ce7a070329c2add1b09668d83d9770fe9ccd730b04b2594c86f81a05c85203c0274275341e321bdd2888bf203f06aecdf8cb8a29b603245e27e821957ef9b3173d961fc7a39045c482ef878093e1f0f890f35cadf383a976cd0b232111cf2ac29374b9f90171bf140bdb5280a8c839d3626946f763a1360e665648bb69d19ff79b7d265cb160a3a743a74ccb2b1877f38d624579efcd77fbb74e17dafa2ca21b6d0b8521f7d74e8c081fd95febafb87a55bd7b6237bb5a9f6374ff145f7bad7e06983b6edfe65ac57b243e645708200c80e986883429b4c7f150619f0801167691f7f4dffebe25e37361724466382cfed014d57d015c8ae58e47a2bcbd5ba35aaf4eadeb6fabf269094783dbf3b762dfde7bd069f54546b2693c97476fcf881b52a94ca962cf1271ab749b33edbac569bba74f1e87a4979475fd476d6b23dd5972c5d33c79de07c83d493faf4ead8b263ab7f97842835e61dcc18ff278c788bee63e61fda7fb86d786804ff51890fe6cd99d6b35b3017ff6fb4f9f6dba3f977ecd8dbf3f7df6f146cdfbe55bf3a759e1fc6a373af5ebfa3d2e69d7b9a0f1939aa6b6a9688d0d864d4662d1939f3fb23a73a98ac917c40854c329b2083b8af7d30998848e5f53e0202831e699029f7673242af141e36691c245d8e6bd5a4769721bdeaac09f65ead5877a4deaa359bc6b5ebdca9ffa933e74addbf77ff5d4d57bdbffc7cbc3274aff8de7b6fef1ab86054bd7c94304ec271f4e82debe089e377fc793fa1bcd3a74323f110b3155ed91f4a48c25881a644fd42a90dc21e085eca750a8049814f73c3c713fb99068b9c80ac6131e8d2e84d542c1e0535e13aec6617343ed608bbaba62419718123711983e08572b0b40170cb12646b3a9cb82463f19a6bb8f120140f1c024cd64cf0f96c8cc31d42022bf72323cecae6481a962a1598e2d9ab3d7193c9008ad18f01f6d360357190e31fa044a1bccb372d9f10b46085aeeb62951a3d7ffde3f65f79b3667be3f73a0deace9f397dcea4ee3dba0fbf77efafcce7ce9f2c3c62c9c8f2c1dee3a3476fa5e93566c2fe3b8fbc0554d1cc88e415af0b9240842bc6fb6150e03e6bc4e9f729253b4ac68393a80ba5635829a84f85dd6285ec7143a25d97cf85102b7fa34ae552b3260fef14548a2f2533193d71d9f0b56bb78f309b6c6abd06b5fb0fe9572fa80dd48bce3967e196419b376f6d3e69dac84ac5f3bf7d2b25730bf41d39795dbb6d5b77cc7479dcd6ac9933fc3aa4cfbce265cba63e81566acc352963bcde2f785266fa82b63d07cd1bb863f79ede26498ab299c4d30ba78f2d5d3405b4aab317ceaed5ad43b72485589f37b5be7d67cdfee1870355478e1bd4b84af9623f3faf4def01035a57fcf4d3239f7cf4d1a554588a27439c39131bd96fc4d0e5376f3faea171167849f88bf2a0a2917fe64871830ca7ec85c81be1cdd775b092320283690a43c553e89554b1348f1751a196538b274f2c53b468f035b05bbe3a55f6c8cfc7bbe5ca9d77d7ec79f3a7152c58e4c8d041bddaf6ead97fcf952be7df2d5dbad8574b668fa895d4ebedd867da9483874ff571ab1c78c90487d7c9d0dbcc1826534f9d8c384c26b81c6e845a6dac4c2c21210e262b0f93554342cc15648bf4a069b59ce8543f077c8fcf4092dd30493a54816ab389dd9e0cf1abc3e9014ffc6f469cb4cc38018ac643e1ed70e9e970e98f10ccfee230cedc90a059de824f0d65d4b11ce785aab98929dd082b13052cdb0c5078f9c5469c50df145d214f3cc0cbce845674153c81e6140fec928a1a55cb0c9a34bc7350d804e2a69f306ae6469b3dc2316cd8e0a6a7cf9e2ab770d1a2915151691e77ebd66dca860dcbeb0f1930a85eb1f7d207ed09f618b6e8f32f771f99a07066e8b441615476542be0071a3223fe54effe69a9ddeb34e21a7b675c2e32d861d0642265e25944c76635319a5649f0c635acffe9b8f1835a4f4aea339f94f6f51af7ffeafcb9ab352222ed67c78e585e38a5c671e9aaaf9bce9a3d6fca80cfbbf56c5cb7f286a4cce5656deb36e9bffef76b7f347479649429fdd1f2a5337b05bd794cad39a4f638ffd3467cd7ae7319864f99b6e7716ccc7b1633e7a957a7daa051fd5b277bd7b96cedd68afb0eeca9b27af1c23e295de85f7f8d89183c78c0f637de88beb860417028dc949e33d0bf7987b1737ef8f1641743c4c4c4bc26c966611f7d97c7c5b8b1c91ba2f02685d35fdf416555149e25a01579b4464d324986282e073e2c927fee962f8627a92c6ce0f085b36599cb79f9dab53c172f5eca1a161a11d3fcb3a6a3384d0b5fbe62c9105d77feb976ddd27279b2074ffcb26ed78fef4f9efcc5ce9878394a267635b3084d50595e978078c936e21ce055559627e6550e3a8987eb3ee87a3ccc623ca2431da8fa510634ab9117e1fa45840a714c358cf4e454b3095e1f010145861f78554efc59234e3aed8c998c406b820845a64d1e09a844e3f87917662e3b89eb0fc3a08a5920f3a1ccfbe6183309d5c11be56f2483ca3d01b63d5b4ffd9430859e2f0abb0798d0c873649b48af9791c1881c7101781ef4e9dea6619b86555e8963993a7bede065cb360f6fd0a0d126d1c4ffb1ffbb3d55bd3e39dce170647bfffda2e763631f69d53ead34b979fd8a41a390b77cf75bb1116367ec7818e74e0fc1ca42fe9a46cc6d014fdc50d80bf0de3f4191bfbe9787cd854afb58599c4600371e26c1044d21595baad15061164965ce7dbf59a31a3d07766f1894de40722ea954b9d6471f3e882dfe69f5f273268febd233396324ee337fd9d7ad172d5c32b15eddea5306f76b956a1546cb37ecfb78eaf4f93b63627da16111e1ae96cd1b75e9dfa5daf294cef775f6ff9f36e20d3f1bbdf297dfce3727e9b9020573aeddb4644cd075c4cf2efaba6d3f94993275f28c264d1bcfedd3a9f1e2d4b829c78edd7c67f88821cb7af4eedcbb6aa5a42b9825750e84941f3d7de1a41327cfb7e7a430dee19161b658e1567cf0a9e4e91ade1085d2c91ba23a70d99ba4a87252a7f48af67ede70a683a94151bcecc343ca4d5651ffab47d7b65dbb342d1774e9d7e9d377d38d9f3879a7cbe3cb72e9f2ef6199b264bc54a5d2279b2f5cb854c46c365b1c09f1f97e3b772a43bfdedd5b366b1cdceefea70bb7d38e183163f3c5cbf7caa8b0b032a4048f03baa8c2623141f692c796024210ca2fab2a649717a13601a156199ef82bc89919a857352fca174d8310fe4f84504e5a73409434a8020726c045203185cab69267c4358abaaa0a4c260b03b0393c1e986d1178e4b4e1c7b332b6edbd814bb72c889523e1d6ede0253b88dc85a46889039e6cf1535ad2e71b71fabb113e278115f5094739954c71ba5182a6789cb09964644e1ffad3f09e03cb942dfb7262a64febb4fad1ed918a596db6f3e9d2d8ceb56edb6a8cd3e1b62c5eba64c4d52bd74a8586d9b5e2458aec9832a15f926a826bb718b2e9973357eb69821982c9ca807b81eb0ba0d003256146143d05f73d55de24e225702334341432e91d0866783c0a2ca2195e0f6dd0018157992e799a70fe4ef3a6b5fbf7ebd0606daa9c3ad120870e9d8c1e316ad1ee7bf71ebc397642df2ab5aa95f829a5e798317f47d7d5abd68d295dbad8caa9e37b05cd8c19cc797b0e9a3d6ad79e23037941122322422e4e98f87989b285525ece16ccb9ff8d36ffb3467cc4c4751d376edc314906424549bb3e71dc80ea35ca154c1645e0dec317338d1c3961574c4c4cc1f7dec9b77afdca71cd536bb1fbf499302bc19910b168c1d87f8dbb3b30d74f1bf45877e9eabd46144227fe6e103184261b642292c84298b46b67e41cbcc8c270049e7a7d8761c46943c113fb94ec8144d29bbc824c5161df1cde31bf6a52e63667d6fa4eabd6ac1b4679c2f73ffc60c767ad1b8d0ee4d3868f593876e757bb5a8a229fa964c9f7574e9b3230a80f7c8b2e6316fff8d3b9b6b26e03e10aa8be5bb44af0695e163d208196e4a64569349dc2b69a8c308b0d9a7c1f3ee74514ce6347f35a4551ba4834e0be0a33e2601344c88a139ae80301a67d90a0683a28239e5c23ce4ae3fc1e323d1794b7767b9ce0a53450b8ec387359c68ca5dfe36e42241e79a220f3510067656a679c2e33643aadf5f399fb8c4f4b2084ae28462e9cbc70ca8b332f9217a1282a428864c51d8310938a5a35ca0d9d38a8e39817ddf743c77e79af67cf81df98a40877dbb66d46b76d51f949edf7ad5bba75daecf1930e1efca176fae8347fcc9c36b946eedc991e06fb0c7d3e6a51dfeddf7c3fd9258b20253f2aaca36d061327a141fc7af734f7a7f7fc751a720da2c433802a45841499aa0024c6f24775fb5e9793e90e848408f03963101e2afcd9b441cd019f776d9caa6240baaef365cab73f0e70115327b5cf53b46851bac1293abaf59bb7f8db6f0f342d5fee83c573a7f5e991a2c19ed3b962bdde5b2f5db95d9b04063ffeb8c8d255d33f0f9ace39b5e792d2f1fe278df8ee43e7338e183979cfa318477e93c9e42a57bee4c4d9633b8f4ace6210006cc2ecdeab2f9cbb5143d7050b0729a168f1821bbab569d73729b9d8179d7bddc66f9bcc9c3e63e8d225930ae4cb97ef5f737b3feb3476dec9d3173bc53954503850b05ae0d5287f492e831fcce4d7ad36044c0c66b0d789ac652a683a07817b4ab14a3296909da856a9f498f9137b0e4dca3dad5babfd9afb8f1fe66cdca8ee92ce9d9b2e7ab6ef860dfbeb7ef9d5971d136262f91d5fafa8c2510dd64b8e0d3b8f951d3a6ada7655b3da552a78a39a5caa69f7839cd8779db16a2565964fdb129258601b170f4caa0769ecb1285d2204b5abe4461a6b2c3284a9e0bd54db6d80e7344e812a3aa1082a14fafa90d6ba4646dcc8892b5c381c62762c58771e5b766b7f2b317b5e4e9c3c7156a3cfab506929022a75ba05bc1606458fc4f57b3cbef9e10ef6fe188f7b8e7038553b245304749f215baab012bb9703db9eff9c197d149588554c3091208ccf81e848d3b521fd3b97ad51b1e8734b34478d99d4f7da8d3f0b366ed27a7ae572ef3d570867cfbe9f3f5e307f618f5ab5aaaf6ed1acd6b660efce9eef4fe7e8d273c471de1291d6ab489089458f2751207f9d76a29af0a71ef9eb34e2746501eae280b25c603e46e99f48cfa74aa2342a4c820c4193efd5a85671eaa4e11d2607bb2ec1b4ab55abe7de070f1e653e7c7865fe946a3d908c73e7defd7eba7eed669e56adea0d1edcb7e1d460e6909436eb76ff526ad090f1db78c194d66a135dad1b576bd5bb7dc354e36e4fca5c52daf67fd288b7e93172de77fb7f6a17111e25be93e7ed95eb960c0bcaab7ade62b5e9de6fc6ddbbb199ede6b4dedfafde2ae3f56899c92b792b7be6ef7bf6e9d8aa72e93c2912cdd8b2657f8d5973e64e5e387f41d13c79a2196d6b6a1f4d3a8e9d77e4c7139dcc9648781403c4a60954aa64e4ccc888072c8da1534cde231901c3cb787d869c63255a121181283ee6859b789972a4f77a766c59bb638be0eb5cbffbeed87bbb77eea957bb7ebdad254be63bf5a23526b6b5a183a70c2a5424ffe1ba755f9e7f6ddc61d4d613bf5cae2d73865766183c63b5482a9219710276b1df24fd9088bd4c77c1a23f44f60c409d4ff2a0f2c751d0dc971061f381931de0c9d28244470c621195f7b27cbcecd728a73ae680279e2c234e042e9c0285c865e82a558921d6cd1a810cadd0853488f546e1c70bc09aaf7ec5b57b1c1e259861b76787c7c731c6b9e41a715a431277616430bc005197c1ab4e1429986bf5e6a5a39f1b0dfbeaab3d1fd7ac59f9d0ab56fbcc999b91b76f5f7daf6ad5e0b8f603e355addf7dfba5ab0faafb382b14a2307c22a8fef7f7e4bf63c4fd5b24ff973c91d69ca18ae72770d27d3e08843751658487853c6e50af46c781dd6a6e7ad53a06fbf7befd678f387dfa748d6ff72c291c6c9f17b55bb5e168adf113e66eb39acd8e7efdbb346e54a7c84b151f937bbeb6bda74edf77f8584f8a50be9d3dfae4779b161649ee58afb3dfff9c11dff5dda95cc3468fff2636def9a6d56abd367efcc82ad513f1f92665318f1f3ffee6bce52b5b7468de7d2a71002f58b1b7d9f22fd6f5f579b47715196adae8889f3bb46d3eba51fda27b93326ee2b6eb36ee69b878e192a1d3a7cd7ebf40810ccee48ef3a27e03c6aeecb5e9ab6f4701a25d2670142732e10a1f031fd16799c06201562d323a7e23cec82a020a4ac9334229bf16327f4429294271b960167588ba1bd111e6e353660f28ffd1bf20fe129833314365ca94c9f5a26b58bffdf82743474fd9a2c26a257060c0781ba5464c872cc546dca43b112ec6a2583e0b6a5548870ff259a13baf23cc2643519df07add309b0d852d513374c8e95039110a27b1b5a3dc34cb3827d313a72f3dd32f679536064f3ee958d3e68087c8cacbdcb2059c2533cede90b1f5c035fc7249c5ef7f864193a2218a7e40e23ff2c3cf7e5a9e7dc60c29560aa913b89da52554059cea8485f73c983d675891cac5f3a74a6951529ed3cf87ce1bb671fb7723394b143cb471f2d7c1b327d57f098172336313f7ba3df1c446fc191a57835b8ed59193bebbec72c16a31c19d1087cc19339cedd6ad65ebcf6a163e9194f57951dbeddb7fce3771e2e4b573e60c2a5da850f035ffcf1baf6ef3e16b7e3f77b5494888f5f7a93347562a5938d30bc97a5232f77d472f651e3d79d6b66b37ff2826eab2debe65b31e037a349b9d92315f47dfff29234eb5ba13664ddb79fef7cbe542ec56942f5f66d8b4e15d522431faeca2ef397029cfe2452b269e3f7fbd1207c12289b8dda849f50903fa349c9b9c1b3469ca8221bf9efcb5c8bab50b6b27a7ffcbfacc5cb2bdf98af5bba73e8af3455352d9e795610f0f83c3e5640862e68513255aa2782f7da08d0ff5eb37e2468912296709d0bc5e58780d9c928042f973cedfb262fc6b63543a7aeb9675cad0051bce5ef8a3baac49d008cc45dadf4fc2e884a63794c702d2a2cfbb4f4629d58b3748263d01b9b30818d2b322de4e771156f50a04d763d8ad22a3c5b586d9e1f2512854635eaac0f43248f2c2cc8c380b48735ef064845360c40d631408891b1b2b16ad018c1234926513ac70201d12c48298b3ee14761c4d408212c164465f5662f6745dfe69c4e96fb2aa41124d4cf58cd0f9165183c4b950b572f1c93347f4ec9fdaefccabc65bb7697ff909d397acf7f0e151f15e053a31a890a6bd6e48003d257e31eac6792610f43a8fc474b746599c11253036649489a16415d11b7bdd1ed86d446bacc1e5742267d674c7bb756fdaa44195948b8dd079ebd4ebb82e77de37cf8d1fddff85988657add4e8896bfb6dd9f6f5489f5bb6142f5670edf225035f49f4f4aa315ff6f779abbea9b164d9eab5ce0447485478f8a591630796acf07ede472919f3ff77dfff2923dea9c794f9fb0e1eeaa0f21a973173dadf964d1f523467ce9cde7f63d1da779b3cefd8d1932d394eb00abc1e5fec8377972d9c3530c9a5138d9a76d859be4cb9f5edda355c9d9af31c386ed9a0af76edede356ad693c0a075951199885c8387c3e2f2c3602201900a2277ac58c62d578b90dddeed74b56c13c5a7fba9138ba4d506082cbddbc51f53e43fb349f9f9aeb9594b126ccddd8e38b959ba683b7735e95639e2f2b2e4a940b37042bfc4a6bcf193cb126f58bce4d463c63b80b9d5a1442d9a2f140c269a42164347478e9de491c34c10770324cc48ea6f11054529bb342e14ccc83e63937a3434dae11d738e20127a62f4a0b5084c1d8b018797f1e9c6c86d56c81c3f9188a39336ec4e4c4a8f93fe0ecfd48c478adb0f202f897d489bfca88d3e693a44b098c45243f1c29bf711e845ab5bbb3278d2b54b6788ebb49b977a9d1b662adaebbaffce5a8ec5605e844c0c3a442e987ecb9f12c04223301ef3c35ce9bbc31029f70232dc20e3fb6819e51a2edf5b87d7e0a5f836299781974d507dde742ceac6977cf9d34bc7e6ae835ac58b1bde6e22f960e98b07062a5e444d1068f593868efdea3dd621ec76508b7db6ef7ecd1a14bf3c6a5b7276f5d82efd5bed7f885870fffdc9ee4844b97fa78f3ca8583ea07dffbf5b7fc9f31e25f7e7dee9d11a326ecf729727ad1a23bebd4af3a6c448f162962057ad9f213e2b265a791734e1e3f5b5b142d19bc6e576ce9322557cd9fd537e872875d7b7e7c7fc6d4a9a357ad9c533b4386d40ba5afdaf453a9e1e3266fd224737a1916e88281fa25d52042aa5aad4f6bbfa9ac27f11108ff250e0dbeaec7d0084b738c58837c3122fec89436e4f4b0fe1d1a7f5ab148aa53d0067b9d951bf4dc7de5c65f95155d82ce044ea872ddf0b88cbd8fb1f37851995162f9ca9779e212dcb0718f9125ed430cea5a0485730b901ffd8150339807ef25043c33e23e08c43fce94ceacd0695e4c3886444e7c2cef995c234ed7c1731c1bdfb8326262a35cb7c2ae5bd443a0725472158a4bd7552c5c77153f9c7523c19a03aa14098ee43a9f5b6ef5ea703a3bb728b18a095190c00b1c232a11598ac08d8675ab0e1fdfbf65b200abc1deebe7b5fbace398457b8e9c6a27d92321fb6bc30d234e469041c518673e5df66b37e2846d79826b491c4ea72ba31a7c7ab3a8acd4a84ad134052ae9d25b2508aa0cdd118fc2f972add8bc6e4ccb94ac59a06ff53aed56be9df3ad87d327264dbc64d2ac2d2d376dfe72746c8c338bcd62468e37336df872c3d4462f9bd3912327de2a59b2e8d594ce7bcbee1f0b0f1f3e6da7ae8919258bd9d7a27983d6bdda570d9a2532a5e74f69ffff1923deaeebb425478f9e6ae3743b50bc64816d1b970caf93928bfffefb5f3fcc94e98ddf72e64cfb0f3ddcc4e3aefdf260f53933bf18f6e09ea3687878b82353a674475a34af37a56ead62dfbdecfcc49a367cf8c0ed458bbfb775f0c0d4a33dfc7adfd9b7464d9afbe52387efdd38970fa2cdc68c37b16251b95840cb3a2e2e0e566b080ba519d6c700b1191f9da7a1cde4f27ea764ed037d0d234ed321c5321d9cd785f70be55db179d9d054f9a024678e1b77fd5a71e498c9df28bc2878141d2a47a1732180f30d6875d18ee3e9ba3e930f0ed688133addc6299094bf903b8b0b6d9a144289f7481cf50a245d8595f4bc7543b0c430b0f40f0375ac0b6ea3ce5a338068c932e22ccf4b0a2a3a33da467ac364a40934bfb08b49845389c6a94b76cc5972027f3c8c8257c80099f4ac391eca1381ade7d7893fbd07cf0fa753991c6d5828f543c9095d5360163898391d1121e2d5a9134697f8b870d238ee9373df13f7193b6d7d8fd9cbb7cc3085a6815737807ba2b14ce074d37fda883fbd0eba1f1cab1f273e081f95f5d1fb4fbfa6aa085187a02808e524c8ce78142b9277f99ae52352cc5e76e0fa75cbdc213357bcf36eb60ba306f61af1aa7b41e5bd5f6ddfddfbc71f7f69e371cb116e870f850ae6fdb6efd08e8d3ecc97f5f1cbfa8f1c3b75e81bd9df3ed7aa69cda0b9245e345ed7fe73c61d3c7462a0cbed4574bab0f313160d285236c7cbf90a5e756dffbffefe3f61c4576d3c5065d2e4c5eb64858f309971bf67ff4e8d5bd779b9b8c8cb1670f6bcb5ddd6af5adf396ddab40fdbb66f39bc468d17f39bd338478e5c493775e6a22f2e5fbe5181137833cf6b7f55ffb4c2e2d1c3da0f7fde79ce9dbb6f1f3f7ed2329dd3e2d7ac9ad626b56ee6e63d3fbe3f75fae239771f798aea828de83618914b68b89db1af690a6948138d29c7f4c049e79919f144e01bcaaf3e31e281fa573641e3a57fd236d1eede98fff3727f01fff4a957ca0cde73ea699f7ab046489fc2f9b481609ce982000b793a8a4ba95bbd4cefc9c3dbbf367049b7814be7ecd8b3af8b601699580c556293d74b04a7ec78921ff583cc186dacb1363c6d44c8d492984ba0f427514edcd0100ffc85d60030133fb7120349be879c599c18d8fd7de4cae4860d3150dd71e005f2ba0995fef4be11988dc2e886657f2a80120c3a9de7039b0fe20da0cba17cb79ac888d3b5882c5e4c5c038a290c7f254463e29c333875d10285cb06a78f8768e120cb6ec63f10381297da3d1be909a0f98d35f0ef7f00e61d2aaa0f9a66847c59351d51efea3a44d5873a554b8d9e32aad3b0d47a87821967cb373f17fb7cf88cef1c1a1f060285118ade9ff7617aefac52c0a849f067a49f44679ebe274f31064faff6e9fbf2641e89f4e3e9770c8fc04a40fd75f6202ad5c008c63b6aa4758c5f06da3ddd98272ef7a3748f1f03437cf7f4be6b14d9a145a64a041da24cb8070db22f412df551d1692be70f4c310ee1c4893f6dc3c67dbed2e9791cdea96b87a18daad6f887bef90f3f9c89dcb9777fdf5d7b0fd6d738e12d8fd3c39b2553dc1b59b21d1dd4a76b87d2a55fcd97be74edf6baeb576deaba62e9c46a5405605500002000494441542f03a90673cfa94d992a5d7fbc732fe6034ed050ad7aa989d387771e106cdfd7d9ee3f6fc40ffc7c3dc3840933775eb97aa708d13e56ae506afedcc93d920d7a1a346cfad0af777ed3c1e3d3c323c2c29d1121e62bd56a945fd0ad5beb57e6ac078f983676e7aeefdb70ba25bda6f3eecc99321d2f5a38ffc1fcf9f29c359bf1e8dec3fbd1376e5efbe0d4891345b3bf99ed74eb96637a172dfaf25ae4606ffebe93e7b30d1c3269d3ed7bf1c54ca67078651e8268262993271fc5e7038cd8ab9ee8347fd703e7a9fc8cbdd214c335bc0ca30701e2640ac4f9fb3efd78b18f0da732643495405189130bd3eb126486e4d6a190a7c82b10fc1fa327949564f4741126c500d6d17f54c50b89482924df1f9346f5a95bb3d2fba982980d766d03ed4e9fd6433a0d1af0d3ed7b8ff381c2d804b85348725360655de035464a43e2dd646c74a6cb4d42228c770c02954881885949a39dd4d854b6a1e204c39ba74d978fb8ad39aa37a71f22ba212d700f2c261f2cea5f28f8860f3d5a96408ea83f116a4a0028f7cdab702b0f89661d1231bd7835c6ca4521528d5450e8c3af91371dc1eac4498af4d93a7141790041894562234e8c64742f680e74af385e85cfe7014409bc350c31be30dcb89706cb369dc5c19fe2c15bf340d6c32113385250a0539480f01792c414b454d9c74a05999a96ff39625cfd24a74a5e213d0b8295ad2bf1b553e5844a35f2660e9a8f14ceccd0550b549f0642940a5e27b245871cfe61f7fc5249bd9729697fe0802ef61ed1fca718375758a1523356ce47d8127ae60d3d769e521a1a67688f9351649119daf4199b9a403be844cb4b290bda74294fd1ec940a61b58a94fa22163e2fdba8e9f4ffbac4ee0be11404dda8f126b11a86572050a3a0411108efa240d45e4536f4a2b486b1a1601c03b20a8b95aa045c4ab98f8b7fbe70e2df75c293b396baae73e3a62fe8b9ffc0feea9268e1b2667deb7cba0c9963e3e313c2ae5cbb9ef3fe9f0fdf76ba5d6fd1c3621205476484ed64c5b21f6faa52b6cdc260bf995d874c5db46ff7bea635ab7e3a73c2a8ce839233cfc47d162fded66cdabc752b14c1cc8745d9ef8c1adaad64b592effc2bc8f894ce3571ffffbc116fda76d8f21f8f9f6d61325b90254bba6363fa77ad4ce560c95984ee7d478efbe9d8c99ad9b2bd75ba42b98a7bf3e6cab53f4d9ad0c7164b82f0d65b6fc50533e6862fbfafba66f5d66e77ff8cfdc891e0b59bcc3c3c6e876cb54aaa2871b16176e9e2279f94ffb26fefb63383192f9836f442946bd865fdcd3f1f35f02a54572bc0660d87d72bd3d7320575de048c928d30ad461f1bcaf7191f2c0e147e7b6ac4e9a312f890304f9bf7b2bf0b4c5b99074f1f765d82022bfbc8a882cbf83b43c1537bd5a827d62556be64520c0f41e635f86427d28448481b8a9f8f7dbdf4fd60d6e4df68b360c3a1665367ae59e5212213d14f558b70181aec849fd421fb7c4cdd2acc6c85db1107c92442951320720a42cc84ac7683d39c08b1e8080fb3c16ab5203ec18504b70caf22c2ab9a41f790cad63831040a6d1078096eaf0f11562044b98b5ce96331baef874863bf0f4d76413229e0cd0e28b20b16ce0add439f7213a340f5114889dee2e41a71107b1f0fd99b00b364e44e39931d0ec18efbae4c183fef579cfe9d832e65c6a3180d366b04bb9f4ee511cc920fa1bc0f029189702a6c361169c2ed86f886c785d878077cb206b74c92ab04ba0c61fff56a2670bc0d9cd90cafe6611cf46161a1f0f964a89a088b6483cfe545880058b43879e4a04e9f36aa5d3ad9659ec979566a34edb3e1c295bb0d3c6a08649ebc71856d5c68e34a1b564125634bcc6e0ac326048c38fb1d6d5c68f34bef8c66334e2f38983136aa439e82cf7826a0f34f23ce6b26e6fd8bbad7188b22180c742840e1e137e214e67f95117ff9d553da8430118a97446a40ca67f1653e2e3a72e1d8cea982373a71e26af8ee83df77d877f050e57b7f3dccce4b2693c962e5045d50355d799c39738673258a173838a0e7675f044b12b3f3f0b9524b96ae1e7aeedc85f2268ee36d92746bfc9861752b9479f77872ee75e23eb51bf5fbeeecefb7cbbb7515c58ae4fbeacb25c3932c9694d23924b5ff7fda88ef3ef0cbdbfd3f1f7f54d5c5685d509ded5a37ebd0ab7dcd64010efa0f193fe9f0f73fd62e5ca4c8863933860f49ea423ddb7ec2f40d5dce9efaadd6ed5b37a3cd2641b1d92c0f8b162db4b776cd5a8b5203e999f87cdd86ce19f6f5b7df8ff4a80238c1029339046e97172693193e86404feee147aefbbde840c893790ccc1357d8a7834276f451d1c8fb80c43c43f0f1d0790acd4900b186a92233e41a6f3690cdbc97e53a45d5f0b8352229e189bed2d0619688e585cca224c1eb7122ccac2377f6a82ddfac9d922afac1c9599156bdc7cdfc76ff2fdd054b2878418157214f3a84e57d655d86dd160a4116a1b85db0715e9810075ebd87509b1751d166647f230c7972a6458eece1880ce7210a0ae3dee678337c8a050f1fcbb87c2516172edec1addbf18875488873d9c0593321c16b06899258791f42f8eb685c2d1c0d6bbc8930e92e74f52f086643758eeaaa79558785dd331d0a0be527cf13576803e037286c4cd102c83cdc8a0db2f52dacdd7d138b37df834bcf0ea74b4374641ab8ef3f84d9e446481a32fa0f912b930979b2a741aedcd9903e5d1804227f81d78830f0126262dcb8fe471cae5c8fc58ddb6edcbdafc323dba16b6170aa22600e47824701474232228778d703d82c16845aa2e07cfc1066de81dad53e1a39634cb757e6579373cf5fd4a7f7b0d9a376ee3e32d4a385b2723ec20c108cdf30e29481786ac459283b716aca2f596a1871bbe1c50be47750685c621bd940da2a90de621b5ceac742e9746f09f56fa0c919708d85c029eaa6b1703a953d32cae22700cbe45dbd4850198e832a6b4c3fdded8a83dd867bbdbab7abd3a571f9a3c91bf5f9bdbeffe9628e7bf7eebfe174fab4b010bb1c9629fa42c5242a4e2e5cb5bffd82c5abc678dd5cb4ac90ecaa5b89b09bee67cd96e9870d2b67bc140817ccb52c5ef175bd598b562ef4aa621a1d8abb73eb269d7bb5aff19f1648f94f1bf1f65dc72ffcf1e753ed7d8a4c02275f6efc6262b26aad672f58dd6ddbe6ed2d2b57aeb2e2f37ead6705733393d2e6dc39dd942f5fd2f4a9831d7fe2bccd2d962cdb3899338746fb1442c5f2907d2af39e18f2996297293a8c1c5a80bce469d83060c0d9571ebc4aac6524bd2930af1a7c8241d72950188e631e8140e145162666669bd56449f4b183064df040259113ce40ce9b34ffe6433441d764a8aec7a856e1fda95f4ceddb37459793cccea74fdf0de93a64c8fe9b77138a73a2191c2f4365176283ce49a06750f37810c20b08137db0e221222c3128593c0bf2bf138d77dec98250bb065d7b08818b8724515899300a1c7c32c97152ee3c1c26737a78651b6edc78888b5763f0cbd987f8e5b718f890095e3d9279e922f7101942afa377fb0f50aaa00851bd01d51707d1a4b33cbd491060a252428f97a1bb0d0075d2c3e964c4655d6129021b451b7ce4e28540e1b3e0e8390d73579dc495981c88f7da1111a24373dd47b4e4c55bd92c78b768143e289a116fa4a5a7c2c9ead5c179218a349eca78fa7d1a60b34521268ea466c3e0f284e1d295589c3a7d0b972edfc3cdbfbc78e40a8335e24d3c7671d0485dcfa232921b931006285e58252fb2650eddb16fd3ac1ac9bcb558b36673e5a64debed494aff994bb6359fb778c34ab71a0255a014119127199b5bdad49211670a670cab60bc23eca9675eb91f254e5eb966679b5e9e27234edeb995d5fad37b64e4cf8dcdf21363cdd4fc085f41604a3f3e810d6f941ab21fffa6db08c3a584a889f80502faee849ea10cba0ed9eb40d68c113f0de8d1ae4ecd4a85ff4ccabafd5b6db7edf9a1c8baf53bfa9cf9f55a0d93392c449155e5cd37b31caa5af9a3659933475cdfb66d4bf34c19d3de1c376a605072b62f9b67efc1d327eedcfb637f4a2d668a8e3c33a2dffc22299556fdb7d6e5e993f76f9e219963afdffe6bb10963a7edf5c9be0845753e1c3b7650cdfa9f7e98e49de1b163e7de193c64e4f2ea356a2dedd9bdc9c2644ee7b574dbb8eb68fe4953bf58fb28def7aed307485683bd8be5e148498aa3cc5bca8c7800641448ac33b80ef3c00d231bf00a0cefc1c8f7e9ecc345602b1d5ea64d0e98c8aeeb7fffa4304a50d5ccc82534d1c5727e146e274f42809be50d555984cd22c1e7b88f8e6d1a7419d6adfebca42cf6dc052b1ae6cc9bfb64a5d21f5c4e4abf67dbaedd7ae0a3315317ed737a2d269d17c0890e281a29abd9a06a2684dbc3015f2c4cca1d449aefa1701e094dea1443ae1c2668ea6340f341e229672a4353ddecfe4037ee11a1832962e1f62a2c5ccc4b36b66972cb26f8b8281c3bf510bbf6dcc0d9cb0abc7c56b8650d117627c285eb18dcfe7d942a6087eebd099ef7c047486e8994c4140894a36579537a1e9261c419e281a314380478e17652d420031e393263c4d41f71f14e28dc6246a8ba8210f10ed2853c42834ff2a1c2c76fc36c4d00b4c7e054174c940327bc0064e89a0f9c4ef97242b713373a2088b411b2c1e1152149e1b08767c0b59b77b1efd035ecffc1894bb7cdd0ad59a199c3e0a3351305c86ed59897e08305de1b73a78efea0c2076fde4bea3dbe74e952549f7e23167dd6b2f5b406752a1e0eb6fff66f7ff960e4c4b95f3e4ae0d21b9eb8bf0e5b370c2e4f86985e032ab267e0b440989cd0ec0af3a829fcade916b6e9e59811a78d6d0804dde237e22254a6e466a4af38e60750d92045ac8c5236360673b7e99d3470288cf4c7af631fe02f08f6bafede4e83a65049aa95a99ff95f6e50d584895391fbadcc9b766f98d8207963a74eafa3e7e2d26cdfbaa5effefd3f3455643da3cbe1d023c343af952af5c18689a3db8fe428e403e0dcb973f66ff67e5fa16fafce5fa6f4cc545e5cb262ebe30f1fbb0b131ca27e834f078de9d72cc59b8394ceeb45fdffb39e78bde6a3be3973e66215e85e54aa5862c59ca97d935576d4bed3c0758a5795bff862d2bfae22969a3769d557fb73af59b773eec5cbf7ca43b083318791e0842a2334d40a0f2197094cf444c82479677fcaee6414411b0f84ca72e5eca3c3c6a7d05d80e12de00950d89c83ccfbc0f11a2b1123901bc350d3384422a29211a71228f2d8dd0620c76fc4c97363c65de161114598e1f0f5efd5f6d3760dca7c9b942bf9b456d395050a1638337644ff2949e9f76cdb0163977cbe6ef39e093ed821992de004377c3e05364b14621ec4213444848dbf8b7c6fbad1b8565e147bc702bb781f9afa00d0280f4e1ace043634d8b1c8a8524d2e03c0317a511ebc2830e3a610b10a69714b563835012e39120f1e4661f5a6b3d8fbf36308f61c88737a90214c46fe748fd1af7d69e448fb109af2278bbc1015689cc781b0303be075a7c888731c496e92017143304722ce9515cb375dc0e63d71f02033541db04971f8a0008ff6cd8b2353642c38f52ff08867803cc9645c13aba3e62821405334a244f423f0123c3e1adf0c4eb2c0a7d03342803013dcbe689c3867c2f6effec02f171d70289190114abb555672e653291fec83a8f9d0ae51fd1ec3fad44b72146dc3e63dd5274c9832b664c95247e6cc1cd629d8678458fb46f59ff5f585ab0fca10b10e039d717e634bc0b6678d78e0fda0b4915f30850c310146593e9d77b14daba0851860427fce5cd58d3a6eba4e32e40ca312e8cf2a19c837360e32e906d8cdc0a1b037d5cf2418ec753d6bc449779cf61f54d5e2f5c8902433a36835f33c54390ee5ca141dbd7c5abfffafd5018139ce58b2bdc396ad7bbbdcb97d373f5531a8b2c7f1e927e59635685c6be28705b3de49de3507d76bd69c6d9d662f5e358f9ec50c9922cf0d19ddeefdca050aa43a6d7670b37979abffa4119fb96277cdd93356ad9704b3256da4746edcd0be653ffe38e783a45ef0be7dc78b0f1d367ad58831639b562a9b3fc588e7f98b1635ca992bdfcd0a654afe98d4b924a53d95a8b5edfdf9c6dbf7623f81180e503919a1552511b2ec83c7eb4044b80df109b1b09829e796dce3293984410223b0dcb711fe26342d1971f2be036229e46ebb0d109b12c53e3eaa100b51f04122a4b24ee159ca9b13b8478044e3b10d3e01db3c898c38918b18a533143624fdf0709b7a6fecf05ea56b962b7029d8abd9b7efc45b83868e5c9b266ddab86f762caf146cbfe7b5abdb72c4c663a72fd697392bcc56bba1992d53aedf8ab461021262cf205f2e2f3ab77917f9df56a0c45c419a100a93d387cf086953ad3ee5c0cd84eee67968acd6db0ab7c763109a888404e7d8bf99211738f036ba0721703922e1d1b263d1c653f8faf09f88d5328200ee91da43b4a9f30e9a7e62855dbc09dad46a228f045585643643a471991c59d23d718dee2da1af15d29af741b364c30f672c183d6b3fdcfc9b703954a4153c2892c7821eed0b212af23e3ceeeb30895e849a292cacc24d111502ab13ab1dede088a295e9ed5078d62877d4687e54fa28189e27f11a506e5f15c2e1e5d2e1cea3102c587918477f7540b414418c53829b4b8025d40c858084ba8212f9f2addff8c5e0c649bdc77dfb4f9c74e4d8f1e63c273e9cb37c7ea942392263831da379d771ebbe3f76a111a58034e689d3e68b64480d8c08c3a0f3c6a69667c050fa55c0881b656864c819e88de87175aa2eb030632d72f1cc5b57d4080391cea8d4a89de1c9d3f98ca2427fd85d1798f166a03a32e4fe283e450852c2f540690f7ad6cd0432f4916c6938bc6e2f14b797d1ff6adeb8d8cf9ad6e837ba6ff325c1ae5b4adb7d77fcf737e74e5bb1e4c6cdfb65dd5e9922327aba68eba10e1d3e1bd3f0d3122fe5e748e9b913f72f53a5edd16b77634b081611e53e2eb878e9a401ed5373fcd41aeb3f69c46bb61cb2edfc6fb76ad173ddb86ee5cf470e6a322939173c79ea9281df1f3c5269c7f62fca05c22ec91927d067f9d2554d57afdb30a475eb36639b34a9fdca92b4e49eabcbe059c3767e7370886489945c3207c9648557d6a1e93acc1662b8f24055e8c5a37f3f61db48c6e9282ef7b46e98ca66e0e754a71c36f3d229074ea5500c6063786c84a8e5e44810c65ae0eec2243a20083234cd04b71a0e9f6666b95a424f533c953c6e9d4a68584e9cb8c8c93852998e51f74a5289d111fcc5d9732616ff28094a6f2347cf1f7af0d04f0d63631fbbe6cc9bd6ba64b1b77f4bc622b02e253fe979fcc6fd98a2b2c8318f5173ebb08b56485e15bcf207decc1e83362df3e3a3220254c74584c2075df64094a81edfa8cfa70f21a972058c39196dd2de2683ce0860581174e0a08fb40c9fe061de0fa784c0a745e3b12f0be6acfd19df9ef0320fddaa0039a3e331a6d7bbc899e11164d71d48160e9a3514094e17ac829002236e70a40b920d5ed582db71693077c31d1cfcf531e2dc1aa2437994ce6543abda0590eb0d3764e52a388b0782a8c21723c366b54206192dbf2163cc6ffe1cbdbfd6991803691d283aa3a8aa516ec773a0df5328df4b86de920997ff10b17af3651c3e26413567835b92e156bd900433389f8c5c1933fc386efe94f21f660d14c80777a79bb4e8b3cee3e1deba79fb56a6e1230674a951b1d057c1f504ba0c9c357dc7ee9f7a921157286dc4c2e286ec0cf3c4fd39708646a7679e112a51489c0cab51476ea4ab28304e25888405e12071f11085db6c732babe9a06a11d0744a3309cce32765380ac1336e00a63668a80e92f7cd126801c09b9f275d4bae16ae7f21244980cbe3644451147de220b24d19db2cc00b93e0bdd2bd4bc3365d9bd67ca57a5cb06bfba276abd71fa9b47acd96d137feb8579cde1b70cac3bcef64dfdfbd7b9bbea58bbfba763ca5e74fdc7fe28cd59d17affb6aae5356109dd6fec79c89c38a7e5c38e9ce646acee97963fde78cf8bc75df569b3d77e53a45e64333a78f3a76e0ab2925832d3d78f6021b37ebb1356ba64cb7264dfa3c5544e5c9436edeace16fc58a153bb670d1a41423219f7743a6ccdb566bd1f275f374292ca3d3473b7fca89fd53ec32b9f2977f3fa761c48d7a5502adf991b3e489d38784195d239847dea5ec2334a861946d921daaf32ec24d7750a95c01bcf9f61bd8f1cd115cba21c2c747311947fa1cb0fc1da16a59891995e318686a51a15c3985dd89a8db8937b3861efa7edbbcd24979e06bd4edbe0390a2a3d2a6b99e234786134307b64996eef0de03e70af619327bbf83972213f478a8144bf048881044987df7111dfa273a76c88da2ef8908373920c809b09151f2b8c1d83202a862bfc6b7516b1f902a3518d6e83010ff069e80d349614e844ae54b1ac708377c3e1eaa352362f5373076e151fc78c60dc59b066192039f1457d0b5450184a8d76031bbe15029d44a1e20c9b71ae17b19614ff4c4b7eea1fbe643f36a1cda35ce0daa1317554ac118f96a320c54a74d003e8f1209452f8ca51bcf63d3a18790cd691117771dd5cbe6409fc6ef2012b760a570afe0815bf4b07ee4514aac5c8a3c4c039d1db84e031ce9a771f587860d8346de299bea1303a870b4590c812e66c11f773362c6fcdff1f3452f3c663b64c10c0912a3764d17628dedd0aa5e87f62d2b06adf9bc75cf91727b771d696cb28558f7efdb57be569daaebc60c6cdb3bd8676cfccccd83bf58b36b8c8b4a02255a6f85a1ee59ba4016c1d3260d86744340502840e5c33c70864a57180b1daf0a30a91a42241521d23dd4aa930d82e0c5b7df5dc49dbf28d592031e25142e4a9b4b1a74c9f0c839d5d81cb07785f9eefe1c3cab2fa7aa0f63d390bcc32f76c3ee57a2e7d80f9c63cc7daa0f369386508bf7e8f83103ab57f930df4b59d482990795cc9e3973c6562051787afbfe53f9d62cfb72e4b52bb7abb8ddde10c0ebcd9dfb8dfd4d9b569f52e715645cc19c33b96d1a771db9f6fb1f4f351679114d6ad51c3f6170b314d7a327772e2feaf79f32e207ceddb74f1b377defc933174bd02eac7be7b63dfa75f824c979b0c0c556afd5e1c0fbc58b1e1d32a8dde0d45ab88ae51b9e090b8b706ed9b6b0446a8d191867f781736f0f1e3979738c532d4040366b6838bc0a1953065f4974baa78c4ec97f81d927c04fe642349bfe92191622344287ec87d75908df2299601244c88e7884d974381db79123838656b50aa050fe8cb08559b0fbe0457cb1f61262bd19209becd0046272f1338d11d887f3237c7511a262611e3d11864077205fce745fed5e3f23e89acc156bbf6f3165cacc21d9b2bf7db771e386d30f1f395079fe8cbe1d92734f96aedcd966c29c2f9738790bbc2607e17311a29a60f63e423af35d34aa9e0d552ad810698f81e053a07b65483a8f10aa8796e3a011510adb68199e2d2bd5632e98df903fe15a3742a664c0d9ead3c68937d221ba1c079349844f1591a047e32f5f4e4c5e7810477e4940983d0c596c0ff079e732c89ffd2142cd3170ba5c4cf08642f622c1cb8334e25c807b48273953f28c3d90f5ecb874ed1d8c9eb61f7f299188f33cc6bb7978f469ff2172875e45181e4122121f0ef00894d3a7dcac0093461ae0b42109186dbf217fc2d847686dff73e45f0bc63646a02f02bef10aab8177b929171c0988efe09bc3c0bc352771cb6507cce959c91baf288830f3a85fb3fcf061039afd834b7dffe19ff3d9ed91703a7dc4c02242163caa95e7b76cd9d52dffbb45ce5cbd7eb3d0f61ddbeabdfd66d69b2d5b351994312a2a3e3ede2d9905c1639514451465d16cb63a0a15fabb0efda2f5079a4e9fb576b59374d3050e0a85d369cd38011a912d091455f2f9d5cc0c609bc154676cb0d83bcb7bd946cb2e864371c4215c8c47b1c216b46b9b17f63019e7cfc7e0cbed6771eaac06a79a01b04443b358f128fe2e6ca136e8b2815361e173b621a2c81901e6fce17b96bbf8bb3e42f0ef80019c33365d64c4fd2a684ce59036d92c21025ef78053e351e4bdb7e66c5d36be5bf0e33fbfe5ea75dbca6ffa726bbb3efd06f6e24c219e5ddfecebb87be7818eae04f71b16c10c8b59bc57a346b9594306b41897d273a5b4ff9643270a8f193367e7dd7b8e8c59d347dd9d317d70be57d1c1a6f49c49edff9f32e2a3a7afeeb272cd5733099e6a0f912e2f5e3ba160d197683ebfea622b546e79acd447250e0d1fda21c55482817335aadff3604c7c9c65cf9e651fbceafc49fd7bd32e23671dfbf962375db4c3259321259474c0801b75a4065afc694958ca3c72e353c3c664e141021c19c01a23afad81977478bc2e9838124cd011269821bb6f207dfabfd0b4d63ba8562233c22d1e381437aedfb562d8845f70d791055e73149c5e43cf981d2cdfa7b2fa71f22a44c5ca485f7478a0eb09f8b0d8dbab362c18f30ff0e1ecd98b9bf9542544b4849a1485175c4ed5ec9115efb9d317ca5fbd71ab58e6cc59af4d9c32b1d6d8d1c367e4cc91e556449a8887260126972b5eb15945de1117abbcf35eaecbb5ab577d216a75d8c8b923d6ec3c39dc2958a058144075b070b9d97d15e58af0e8d2a21832a77d0c418e81e61121f212037511d18fa278196d2933c4fe1b6e441bfc974d8c6d4f5c4f3f55262d070baf53eedcc658d24c66121231bc3a87cf0a736411ecff25164bb69cc7a5ab4e083e0e75abbc830e4d32c086df61d69d0c0dcea21dc28b8d78b3aa40fb2679c0cbf79f78e2c6644526eec19935b8d4dc58ba52c7a69dd7a099458447c4a247a7fcf8b8880992e3222c48f0574248f0eac46047aa635e10288a4a08e9f97952e5f09c87fe2978d2d8880672b80cfc46403d99d803240896acb895901ef3d79fc1d747dd706919c1e936967bb7c28b12efbfb360f9bcc17f03a75dbf7edd3266e2f409972fdd2e052e2493ae8abcac425139cee193556bf75ebdfa5ebe76f1939d3bbf6c9e2e7ddaab7973e53a6e33dbdc710fe3d25fbe7c319f2a3fb65a24f5469d9ad53774ecf27782a61d7b4f971f366ec1ae18976e268215164560de38f71c231ea0de35f023f40c10a04d1429eda2c0a6d920781e23ccf417da7d56009f56b142101e404338ce5ff662f9aaf338775540bc92015e3e1c3ec6f447f789d0ea46f4cb88f8d01ce8bd2108a1a1279ffc8d3c49e59a8cef0a551630afdeafb3c0807aa4292f401274e83e07443863dbb5acd7716097061b92fa6d7bb67d83961d17fd792fee03590f8d7c1ce3cca2c91ed52caaf7d347859e6bf959fd992d1ad5d899d273a456ff265d472f3972e47c1b8917d0a04eb9e9e306b70e3a9a935a7378d938ff19237ee2842ef519dcf1e73bf71f1594cc121a37aede67588f2629620daa54b5dd918c9932fcb962c9e8549396ab5fbfc7010a076dde3cab4c6adea091d396b75abf79f70c87570c132c61f0c8b48ba7649bc173fca496d4cf851ea8eb4e99110f883afc7bea450000200049444154904121142d21cddc861167ff4fdf23a394495034083e62e8d2106abd8b86f5d2a3ce276fc0eabcceea847d1207379f0b03c79ec6d17322b49037e0d54218118c7118bb7d9d27e10e0aa75b598e90e5d9f538542c5760dae24983fa3cbba6eb566dacb678e5aacef71fc7e50d0d4ba7162854e2e7a2454b1e1105feb783070f75ba7dfb6eb6de3d7b0e19337ef4cc870ffeca16196e9743ed96b8b8d80736d997e029983fefc1cf9a37995dae5ca95f5e74bfda761dbd7cdff1ab2d5cc4936e222f240156df03640bbf8fde6df3e2c3f74c103c7fc2421ce33e13cb7d6bf0c1abb8211027350b6b3e0d691a5802bfe00ca18bfdfce90cc5edb76084e4a6aa5c8e6ad099112734bb9b956bd1dadf7d6c822d4311ec3d198fc5ab8fe1c13d3bb26708419f0e3991376b0c22a547d07c3150287749118f1778e264c41387d3039e38e1c8bda4936e0ac1b5bfd262ec84ebb8fbc80e45bf810675f3a0459dacd0dda761979c10e061cf22995a4db1b270ba46f79142cbbac550f64af425795e8ad6c03ff837364fb8c0898a950c05070b14f87433e2b9289cb96dc7c4051770e37e243821821191489a0befe4c9fce58e75539fcb15317afcfca1df7dfb53938c197258a3d3677d74fd8f5bdccd3b77a2decdffce55c902cbd5ebbfe76edeb4f1b484f884f4bffc74a2c8fd3b0f72c7c73d9672e54cf77db7ce2dc7942851e0a7679f8f1397e2a33a771df4eb8358398b42d74f2a6bfeb2415da17b479c0946158701d234c0a14ff9e129fae4619805c1a923caeac59be91f6068bf72c81c7d055eef7558ad6911ef0ac7fdb86c98b1f010ce5e1110ef4b0b21241dbc14c5f26f7e0d636d4431021cfc2f93c20deedbf4d4130f903b19d4b1fefa749db4e4359825628ff3c1cc2bb099bc17860dea5ab35ea59495741e3870ce3e74e2d8edf71ee965e312dcc8912df242bd5a95a6f7ebd478717073ffffd76af5b643e5c74c5cb48583146e31fb1e8f18d4a376cdcac5ff757c40b057f89f31e2a3a7acefb16efdb6e9aaaa71e933465c1cb96b51feb25c007515ece5fcbd5dfdc6fdb6ddb9733bdff4d9e32bbf5f20fbf5e48df2f75e1f97697ca64081fc4767cf1cd43135c6a331662fdb516bfaec85934db6b46fc73a65a8828581d9d8be5ba33caa9fb33970c254f3c40d74b8f17508a068c988139397d9d04dd664d84d22e023efd40d9bfe10f53ecd893ab5d322c27c0756f74368aa0b9a55806cce87251b9c58baf91a3cc21bf07211e0fd2534accc86197143ba92e8585988505720f20ed4ad5572e8e4415dc73c6f4dc9db9a3677c588e327ced68b8df74587d8231fe5ca9dfb74749a748f7ebb78e17d0292458687c7be5face8a934a1a1d77fbb78b2d4c50ba7dfae54fea33503fa769af0b2fb74f9b26eee3b6ce8de5fae5cfc9872b08005667860f6fe812a1f84a36f873c0817ff80e04b80595058ed386d6c187316ab057e5a3fff14251c10a12060d0df8db82190e2c702b00829e5a501b7cf0b9b590464aadb0d83c3c14131a547ac9011ebb65fc4d6edf7182f48858f6c68d3381fa22cbfc3a43f82a65920f054b3fcfc9c7862239e983bdd30e26178ac4661cbaeff47dd5b805951efffe3afe939b1bdb0e4d2252aa2200a0a22202d92a2823492a2848228a0888422dd288d08a2128a82881818204a77c716db7b62faffbc3fb32b5caf0a2cfcbcdfff791e1fbd7767e6cc99f8bceb15e7b171530061dd42ed5a3606f5ac83046f267c5c262c278fcdcd5977816986d308842883baab3942c95e81e848fefcdbd5f0bfaad8efba7fb9404606c22674b743f42811b6e061c63db2e5260a21d18f5cae22de79ff34befa39001d45994f806887512131eeebed9fce69f477f773e9075f3fbe66c527afc6c597b8f8c2b091a39292534a2e5eb1e88d93a78fdd5dac5842283525c9939d9913111319055b37d2dab569b1b24fcf6ea34bff0358ae6ed341872f6784ab9100314896d67655f3406a73ec4712d02c1f13900fd4a4e7c2cd5d09f91d824f9420040cc47b32f1583d0e83badf030f0e41e433601a80ee44c010cae2e4650fde99fd1d2e5e8946563806a6e087259242db35a3345621e723d9ff608fdc8a5644bed10a4bacae559e73bb2b04d424702681dc785b87cc6ba852b1c4875b56ffb34de88dac8defce5bdd69e192f5d31d9bf3bff842cf3efdbab4b8e50aff46beb730db74eaf3fada3dbf1ee8284a1c6a54abb069ddd24985161f2accf7ffd33eff678278e33683f7275fcebccbd0434ef75e9d478c7abe63a1404ad7fed891afce9ff4e9868dfd3b756a33ed8dd79ebb65d9c6cddb7eacf6c698899bbb76797aeae0819d6f4a94e4ef6ec2973b0f941efdc6d44f327343f759bc02c91b89acbc100be2149c44fe1a404bfe4158eccb6fd9de1a30954a6dd19de3313947772e46157901b585b77928f4ff055210ab66a3e52325f0749b2a281e7f1156ee49448a02342d004db210142b63f7f1444c99b71b298138e8762c3847cd17ab70e7e1a47cc5a06d36a16dc138ce1e4937ba766edc6ff4f35ddeffa78775ce920dedd67fb2e585a4cba935bd5eefd962254a5dc9c8ca2ea76b4654b366cdd7d6bea7e6e64fd67fd447166debe9671f9fdcf0813bfecb3de9cfc7dff9f3d972e326cdd978e2f2d93b89bbec980a7cbc8608fb1c8674af89160d3828f629280ee98b07a0f87868560861c209782260519ff51aa7b88240ce0217cdc9af713173c72174066e20a7ff410191f01f0cc5ce28bb443fa2ca5645c010a029b1389f11877767efc3c123a9285ec4c1e0def5707fb534f8c41412d186789d205ed04e2f08e22c898084209780a3978be0cda99b71253d0689257c18d0af02ee2ca743d5b3e1e12d1816298551457875b167cf07afbb1c653676b90adebb16bbc1344ad838810c72dc4af53f83380fdd11208902788d180e026c49468e5306dbf6aa787be12ef6df615385e298281e1b71f2adb7863dd8b056952b7ff79cecdd9b5464dd86cf5fd9b3f7d0c3454b96c94c49bd1c6b3ba614171717ae5cb1f2a1ad5bb674f27884e4aecf747cbd4fd726cbafb7a0d66f35e4a773c939754c0ad08ac0925aba163c756d6cfa3763bde76356984831bb2e567e10a76be7e10099ba58388de1cf5542837b05f89dcb50f95cd8d4709323901114e1f82be1c7df0dcc5cf43db2b5446404bd70142f4c9edae76e5ac4c0664cc7c11dbd9014f25f3b0c5eef9715fcdd4d10fe48e6ffd88d10f6366399109340a0ae83a121d22341cbbd82766d9a8e9d3aaeef2d7bbdb77f66d8bc53a74e3699366f7aad8635cbdd30fdef467fddeddaeee32d7b1f7cf58d499f3b821c4d70c65143fb3efc74bb86372c1e74bbcee3af8ef37f22888f7977e9b0b52b3f7bc7d46d94295decc0fc99b36b57aa94ff94dec2af5fbfe197fa6f4e98f2b1cfaf0646be3ca85daba60ffc6d4bf546be66ecb8596fff7ee8d083afbdfce213b5fe6121b99163156cd3a3ff94b95fffb0bbbf121989f4dc3c088a0a49f1211c266d7495f944b305f00f609bfb7215b42f5d7e77613f14c45d5e38f158ff00b6e45b1d925983040f78230f8a958c1a951c8c1c5813158a65c1cc3e85488944c57970320f4db4908be2389c54116f4cdf8eb3a911e0d592303437c811a88dd167d813475c5717ac2383875fb5b41e5d9bf51cdabbfdeaebfd925d872ec48e1af9d6aa17873fff5238a44b4bde5b36bd58f152d93f7cfb5303891794ea7754dd3970c5981637dac559b7e5b74726cf5cb0ee4a76209ee9baeb22fc7c2e4af953f0c64b8d51b6d831c8ce05c88ecc922a8f5f608030cd20ebcc023a55412bf5ead9bbaad654a95e8b1cceafa81840ca5dfa69f6491f7225d34361283271cf75183aa0f8a3906b98703c95f1f9370656aefe19c15c11f5ee4f40bfee092812910cce0c41c91797f927747ac14c9cdae905413ce094c39aad26de5bf103a22222d1f5e907d1b299002b7010f1b20a2d270485f4d4594d499d14ea2c9015263d7ff972a105cf65fe5cbcc04ab3001740618e851fc615271d7ef71a514782129eb06540952588a64e02f580108900571ce783653074c227389d59128613cfb4f623255c7cf7f551f59a34a97efe9f9e931d8e23bedaa8ebc1b4ccdc929d9f7e764e5a7a7a899f7edcd3e1c521cf8ff8f9c7ef9b464549496fbddaeb8640908fb61dbaf3d485f4fa14c4398f0893ce93a741884a4a4b2e62fc9a5b4c02486e10a7a4154cf0877a158a9e8752d1c998f4eabda89c9081083307821e60336f4710a113f7dff421c895c3e61d17b166e35964e92591674733019c3f9243e8e01d32c6751515999741a1551b0b28a6c47290c091435efea7001ba393c3a042eb1059960ab0193e86c64ab9e97dba771af5dab02eb7d4fefe72e72fa5a74d99b9fa99ce4f4feddaf5ef712bd75b17fe8dbf3fd56fdcca6f7ed8fb4c64841ff757afb06ec5a2f1ff5335bb82dffc7f22883768dbff97a4f3576acb9c60756cdfecb5b1a3badf1689bb33671cb56ffffedb2f5fbe54a7729532db5f183ea85f833a550bdd566fdba1cfb795ab54da3979c24bafdd8e8766f9da6f1b4c9cba704dc8e48b91a5242793cb55c14c8a54be5c7f653788d3c7457abb2ff4d540eefa0f5f6db95d1bd6f3f3ecbf39dd8299982bbbe9225f099463c3e479166445cd4194988b78cf05f47eaa3a9a34f04075ce430a07e0e145988600880202560e74a5242e052a61d2bc5dd8731830b892f995f89f833855e0ee3fb2c323daeb047b776dd97360cf276ea89dd6a5dfc4a503060f183a6eec98353cc7c7bc3cea95fed3de99b3f2e4b193554a9548f871eba6a9756ff4fe2cf968c7139367bcb736a853a34cc907ef65a06a89744c7ead25a2e5fd807e1e32af801704848d3ca67d23491ee89a019ec9cebaa8ec3fdac605603e57691b1653de92d80cf50fe95aa2dbc1822110ba1ce0823a5491a4b34877dc812848086a6108aa84b01d8f4cab32a6ced88edd3feb28122761ccc81aa8949803c94a854a8a3a360fd3894640288d85ab0fe3a36d24fd69a06b4b01bd9faa06debc08c1ce81c4800e022cc1875ca70a5e9ebc0f474f66a362291be35f6b0f99fb19916a168c5c1d31de6858bae5aacfd11c9c92319e50ea64a7ea766f187739bfbb70b5b5ecda72ba787db72dcb4633f962a42c8d63cfab0d47e6988b999734f40d0e8e25c0964b21cd2a83f17377e2eb830a6c31113c599c86f3b2de9b32f1e1864deff8473d80651f6c7a72faccc5d38b144b4c1f3de6b5b6cb96ae98bc73e7ae276ad5acb9bf51c3c61b3efcf0bd965f6d5e78ff8d50571bb71ffaf589f3571aeaa497aea8aecb1b55e24c2e9112d1fc25940c5f58f2eb26aa4ce18d7ea1e9c0af72e0f2527057f900c6be5009656252e1d34d888646369cc809e5418954987a9f23974072760ce62df9153b7f0d20c855428823ca2655f9f4e811259482b80b4263b2ac7495f3bb697fac1204ac63a055f7fc185722bf65fec7d827df3e95def9bf0be2f47b8805110c8619c8cd432246860e4574a088da9ed5f3663c52a346b15b52329bf4d6ecfe172f5da93d7bceb89e37fadedeec76b3672fe8dfb871830d55ab562db416fca2755bda4d9cb278bd65012563232e4c787374dd860f5422c2fffff4f33f0fe233577edbe19d77677da0f010ab952bb563e48b433bd4ad5bfa96b988055775eeeccf7a2f5fb96a626e30109358b6f46f83860decd9b241b503377bd55f9f306bec8f3ffdf2c0ac77973f713bba04ab37fe527df69ca54b2e67046bb376196b4db2e5ed4f20a16b6fd17ff2415d1a98fb4b2888bb2faafbef82cf1f95d15f64eb4ca482d1933808bac5bc544442a3dba4e14d6e6326a2ec30a2ede3e8d3be08da362b0d1bc910f9207ce43e96178624a8ae63151746988f4440a88ac9f37ec6b61f45845016105d2f69f777919005f923930f39019ac830c440ac87cf786b58df8e8f3f5eefebebdd97e9f3b63c77f2e4a5865959d9317b7fffa58e206a4eeb366d56552c5f3d75e1fcf7c6f18e95397aec8b2d5a3e5afdbf804a7f75ec651f7cd961fabc356bb23455d02d12e2d0a13a67f154b3583cd3321145bc972139e9f92e55a4a4452616f956941089010f8b38d4b205d3205f74191e92170de97004199aa8c29622e0f051d07419812c0b61c384ece3e08f166058d988542da8c110388dc628aecf3681e6284120d1da90adc0f096c4f77b344c9b7e14c190899e5d2ba0fde3a5a01ac7e09774044324cf190b4b2c89c56b0e62e9e66ca81e091d9a38e8dfad0604e7029c501a7ca6c4c0620131013b0f6898f2fe71e4e50531b47b75347b381e82710a3ed5609d008714bcc83d4dd720081e384224b2c99a5389842948c8cc0a83374918c740945f425c8c0c2374059691814885bcc6c35078199a6952c3068e48386b5736d44fa23fa60e83a46a1557575e1038880ecddfe3916b57c4d24de7b06a6b2eb2b458f024bf6ae466cf9938a67ef3e60fecffa7e7a4fd5343d65eba94d9b86d87f6cbce9c3f1c93969652f4e2b99472b9d981728f3cd4f84cda9524ab7bb7b6c35b36bbff8beb3d6f4ff418fde9819317dae46ae4b9ae32e3131247d1ec1c575ed7a44e0525373a1c865c273d0457ecc5ed3809e09c006427198fd492f1faa04af0e8c7d87886648a891e4812b34133088bd982aab085049c4b89c25bb3bec6e1e412080aa560882a02214af414c8a2845038875112593b9e25c45779fad4cad749118f920d2614439802baeef9891347ea7e057a0505293f250257578eab023205c54101fadeeda2d018886c52ebd4ac3c7dedc2712f5eef3a5eefef3dba0d7fff89761dd7b76953e7b3eb6d5b98bff7ec3be883c4d265ce8c7b6dc42df1bc9b3f3564e7a183a7eaab1e3f1a3778e8fdb96f0fea5598f3b99dfbfccf8378b3a7c6fc70eaccf9ba9c9d97f7e2806efdfa776f5d28abd17fba28fd074c9eb7f3fb9f7a847543295ab2c8e1d64f3cbe70f4e0b637ecf73d63f6ca81ab56adee3bf8f901af757daad5c6db71031e7cacdfa7e9d97a9b201148aea124ddccb10b2a1caa9c9924e31fd5a0fb62bb9541410dffe7b6bbdbce25eeabcc894467652acde440a5c384a9f8c0597988d22fa14e8530c6bf7017e27c1710b682505411819c3cc444c5c20813e48728470634ce8b90581eb3971fc0a75f890839e5a10b046072d1ae4cf083f9909354a87bbea22820ce2b9c99f66adf7af5ebd74abadeefefd2fd8d8de1b073e7a9d3674a499273aef5138f2e4eb9927ac7c5d357aac4c6178939b06f6f99273bb57963f80b4fde10c774fea24f7bcc9cbff6fd5c0217398022698810ce6040e71268d7a8183cc60548c8f983e3ce823889d51864464348644a4c4cd86453c9111c504438604296232178121014e3f0dbd134ecd9770167cf662027cb20fe1324bf046f1450a9bc1f0fd6ac884ab13e705a3abc4a18b26c403773c1d1fcd5e4414405272a16e753a2316761120e1c4a45956a22463cff288aaa87a1f2e9704c4296c7c041292cfaf0772cdd92035915f0545305bd9eae06de390dc9ca864ff7c0443c2e068b62f9e6c3d8f84d0aca948ac6eb2fde8d12fe4b509187605e26a2e28ab3d6316787987b9dae473389d4b4b01f7b0e5fc09ec3c79199a9219061a2585c0228652b1223e1d10677e3ce2ab1e0f50be0f45478188f9d2eac0acd311022fb4881838f78e79a0e4be4991dad69f24c0d4db4c8873e0a41be023efb3e17d3565f448656d4f5d933b233164c18fd48939675ff36095ffbf157cdde5bb26eba6509de403890faf8138d3e18f5fcb353b7fe78b4ded40953c75d49cdbbdfeff73a0d1bd49e3f6e6cbf91d77bde9eec37f2a39ff71e6aaf133644898115f6c2763884b86c783ca4334e22494c598c399851825ac08567cf099315ce862824a1e1bd02c60fa806d53c0e524fa78e0be10528797104dbb5ad35c9cb3e1641331e9f6e4fc2ccd5e7908d72d0643f64350a3a79eb90e4ae4c14548749ddd29b2cd9942abb0197aa769d7016d42d604a6f6450e48eb0a85460ee830c9ce9020e0b3b92e31d0d51b29dfd5487962fbe36a4f392eb5dcb7ffafbe79ffff0e8bc05cb27bcf4ea2bcf3c5cbbcce95b39d65fedfbe694f7167cfcf1ba461f2c7bff812a554afc2da6e27adfbb70c5679de62d5eb53c2fe8283e8f9afece9851f7376e5cf9b69feff5cee3dabfff4f83f8f2d5dfb41ef7ceecb5aad7af962911f3f596b5d3fe16797a333feacfdbd21c75faa4b9ab0e1d39ded411444e3374b34ab5cabb1a3df2f0a206355b7e58ab568102c67feeb9f9cbdfea6efd626bcf03fbf7d56ed6bcc9829787f7b82d60b66163e60efef4b31d534cceab5a8254e8204e67cb92e7829619d3abfe432c8bfd1897a37b555ff96ab6ed4ed9c927dba32ae0422663b499b6c1a8349c4c7297c948902f60e8b3b5d1b6811f56f0281cd254e72c983a5918bad6a4b446f3a438c6827822566f3c8f159f6808d8e5a0713a5b4c5c2387fc4482b320928a55befa549168e9ccbc3747d6bdfffe72c9ff749f77ecd8576adc9b6f6f0d86cca8c4c4b25ff4ead56b768b26957ea37de62ddaf2fc076bd6f50a0472abd7beffaecdf3678eb921e19869b3d7f69fb568cd5c5d8a66ad6f890f214a3e8591cf954793fbfd500229909d005b640b807914bc054691a34592fcb36d06302249515eb0113678d6163d7191c3c6ed9770f8948553e7c2d02c09a22a91582d744782249af08a571025e7e0d1ba55d1f4e10a48884a824748855f32a08782f0a8d1d02d1b24076bf089d8bed3c6aaf57b909a9787e143dae0d17b32201aa721f391302d525e2b8d456bf663f957d910241b5d9af9d0bd53558838030f42907401865d1c3f9e5430ebfdaf9196e1e0d9671e41fba62278e30814db05dae9b604dda2ee890c51ad807397a3f1e50f97f0edeeb348ca7025760d4b000f0ff2f2f210e515218b3a22222c3c706f5134ac1783fbaa289083e720da018882c2b00421270fa24cb2bb84da27dd00b74dcff11e96758a860e6285eb4a31fc72ca8391530f222394c8c447043d903167f2cb0d9b37bfef6f2bf1975e19ffe6a6cd3b9ea956e5ee035d9f7d7a46dbd6f76f2f78a6f61e4d2bb160d6a2577eff7d5fa33289458faffd60569bebad2bddfa0dd9909e9df538b5948f1cb908db2a01cd96994d78c8083010e21ff4b97c7f6f9a941bf95807666f626741e152d0f03e116f0ea806c53c926fd7ea0671faf0a40867714c8780bc12046f24ce5c89c0d4c567f0ddef6104953870720c330ca296be4715a1d37c9e8114c1de273748bba628643654d0b7732b71319fde48c1dd864932c9e426c8c62185c3d590db19a7e720d62f9c1c3eac6fb7ae4fdc9aff78ffc1e3a65dbe9c7dd70b83de6d76bbac3f2f5f76bc4bd67c32f083d56b2728b223b66cf9e89b6f8c7eee960c5d068e9c3e63db573f3e1f0e05f154bb96d3278fef77cb9d88eb3d87fff4f7ff6910eff8eca82f0e1e3fdbd4347563c073cf767eb14f9b8f6fe5c7fcd3bee4173d67d99249dbb6eeece5f14778c29a01bfcf93572426ea60a5f215f6c5c7c71d53146f98e7792b90935bfcecb90bf7fdfefbaff75200ecdef5c9375e1ade75e1ed38b70d5b765719f9c6a4f516e7af4ea6269a73ab76a2f9b7309fc2e3cec7dd3365013c5f0eb3a03de6cec5dc569fabff64c2eb51618542ac3d68100089f4a1050b927e1ef5ef343166c863f06a47e1973360f31a1c12425114e4e6e64291fdae8317f99c3b5e04a512d8b43303f3976722d74e64d517a95d3195a9fc40cedc9c0895ed008661a144b47a66dad4a175aea74b3c7fceb227172d5d39ba4dbbf6f3c78ceaf75f09d5ee7de7ef9c3163ce982387f6555ffefe9ce6d5ab57f84700145d8977e77ed86fc68235f31c35ca955b754288144f60ec0b9551af3a0f5f388bea50064a702b6e9a59bb7ed22ce8f00e4b68045e659440ea62485189387149c5d2b5fbf1d37e0e59a162d0ad48f0aa1f9ca8216c5a0819a4b36ec3c36720420ec00c26a35a59a04787ea78f06e3f145c842a68d0c2d4ad1011264eba521c29598998b17007761dcec6638defc6e0a7e3a098c7e0913d30f428e846192c5a7708ab7764c3e23416c4fb3d752744fb3c444a464224c65a1e6bbeccc6aa753b9158220a63467642bcff08bc5232609950542fd2f3a8e55f128e541a3feccdc6ea8f4f61cf9100e9a9c0e1a2a0e7d990152ffb2daa2ab3ae81a1e722324280a99f44f9625978b1775dd4a9e400b9e701cd8244baff62088e68b3fb4eed60ba620cfdccab6cc42250f381ba196a0c8ea6c461d0ebbf232354118ea55210cf9c3d71c4a32d5bd6fcfdafdec513274e28c35e7a6d79d1e289c9839f1bfacadfcd6a17bef769db0d9faeef3d6470cfd18f3dd6f02f8f5570fc9e3d9fdb24887aabd68fd7c7f2a51fe2e4291b412e1641554598a98cbb603d16c8f335ce295975833875b9480b280b2a9f8a47ef93f1e680ca50ccc3e018badf80c4939cb1c590f90e2507a68fa1096c5943902b856ff74462ca825d2c39be1294207b22f22335612a481e39ff7b88e9c184f3dc711c056a926d7599e5740e4485a4ce1149fdda3045c2c010a6c16db717e64341dc43f73298899245a3bffae1cb654d0a739c827d0e1d72e4f113477e6a9a82fedaa8517d6bd488486509faac15ed8bc646a6b5bf49edf6052bb6f7deb8f1ab67cf9cbe741fc7395ec30ca254e9e8fd53c62eaef57785db8d9cff8e1fcf941d32fcd5bd8ee3c424c4449e9ff4fa88bb6bd5aa907d23fbfebfd8e67f16c4672ffba2cddcb94b561aa6e68ff47b8eac5a30b34ed59b30bf28ecc57879ecccd7bfd8f6f5738e2d24048221c8b2175ad864e2ffa2289ab669f19611e66ddb0cc5c4f80e366ffae8aab1a3fbde70ebfd7ae7d5a1f72bf3f61f3ad32f376c43f644c264a0a1c2bd442c83bf262833d0d4b5732df6471755ec428bf2bf295f8b9936a576ba22894c079c8c38a8fa223b44cec840317f1206772d8756f58b03818b906c725e0a43517968b6ee3a7599d42e64b225d04141bc28b6fd14c4ecf75291a99564ed746aef15789fbb662a1c24cbad00a81a2b1ea79c9ef466df7a0defaffe8f95f8f0a1a3862694297971c490417fab9f7df4685ac4fc05b3c6df736ff59fbb777df283ebdd8f690b36f69d367fe9024bf6b24d45476741fcf5a16e10f704732053c5c1e688161cd170015a36518cc8ef5a8165b85ee23436d04519797669acfd22132bd61f478e5e06b6501ce07d301c130697cd8083a214074994a18733c13b41);
INSERT INTO `students` (`student_id`, `student_number`, `first_name`, `middle_name`, `last_name`, `contact_number`, `email_address`, `year_level`, `section_id`, `course_id`, `picture`) VALUES
(5, '0005-0000', 'Jeremy', 'NA', 'Rostata', '09224367261', 'rawstar@gmail.com', 3, 1, 1, NULL),
(6, '1234-0001', 'Jasper', 'Mercados', 'Garcia', '09102940192', 'asdasdas@test.com', 1, 0, 0, NULL),
(7, '1234-0002', 'Jasper', 'Mercado', 'Garcia', '09102940192', 'asdasdas@test.com', 1, 0, 0, NULL),
(8, '1234-0003', 'Jasper', 'Mercados', 'Garcia', '09102940192', 'asdasdas@test.com', 1, 0, 0, NULL),
(9, '1234-0004', 'Jasper', 'Mercados', 'Garcia', '09102940192', 'asdasdas@test.com', 1, 0, 0, NULL),
(10, '1234-0005', 'Jasper', 'Mercadod', 'Garcia', '09102940192', 'asdasdas@test.com', 1, 0, 0, NULL),
(11, '1234-0006', 'Jasper', 'Mercados', 'Garcia', '09102940192', 'asdasdas@test.com', 1, 0, 0, NULL),
(12, '1234-0007', 'Jasper', 'Mercados', 'Garcia', '09102940192', 'asdasdas@test.com', 1, 0, 0, NULL),
(13, '1234-0008', 'Jasper', 'Mercadof', 'Garcia', '09102940192', 'asdasdas@test.com', 1, 0, 0, NULL),
(14, '1234-0009', 'Jasper', 'Mercados', 'Garcia', '09102940192', 'asdasdas@test.com', 1, 0, 0, NULL),
(15, '1234-0010', 'Jasper', 'Mercados', 'Garcia', '09102940192', 'asdasdas@test.com', 1, 0, 0, NULL),
(16, '1234-0011', 'Jasper', 'Mercados', 'Garcia', '09102940192', 'asdasdas@test.com', 1, 0, 0, NULL),
(17, '1234-0012', 'Jasper', 'Mercados', 'Garcia', '09102940192', 'asdasdas@test.com', 1, 0, 0, NULL),
(18, '1234-0013', 'Jasper', 'Mercados', 'Garcia', '09102940192', 'asdasdas@test.com', 1, 0, 0, NULL);

-- --------------------------------------------------------

--
-- Table structure for table `students_schedule`
--

CREATE TABLE `students_schedule` (
  `student_schedule_id` int(8) NOT NULL,
  `year_level` int(1) NOT NULL,
  `semester` int(1) NOT NULL,
  `grade` decimal(3,2) DEFAULT NULL,
  `prelim_grade` decimal(5,2) DEFAULT NULL,
  `midterm_grade` decimal(5,2) DEFAULT NULL,
  `final_grade` decimal(5,2) DEFAULT NULL,
  `student_id` int(8) NOT NULL,
  `schedule_id` int(8) NOT NULL,
  `grade_remarks_id` int(8) DEFAULT NULL
) ENGINE=InnoDB DEFAULT CHARSET=utf8mb4 COLLATE=utf8mb4_general_ci;

--
-- Dumping data for table `students_schedule`
--

INSERT INTO `students_schedule` (`student_schedule_id`, `year_level`, `semester`, `grade`, `prelim_grade`, `midterm_grade`, `final_grade`, `student_id`, `schedule_id`, `grade_remarks_id`) VALUES
(3, 1, 1, '1.00', '80.00', '80.00', '90.00', 1, 1, 1),
(4, 1, 1, '1.00', NULL, NULL, NULL, 1, 2, 1),
(7, 1, 1, '1.00', '90.00', '90.00', '90.00', 2, 1, 1),
(9, 2, 1, NULL, NULL, NULL, NULL, 3, 2, NULL);

-- --------------------------------------------------------

--
-- Table structure for table `student_user`
--

CREATE TABLE `student_user` (
  `student_user_id` int(8) NOT NULL,
  `student_id` int(8) NOT NULL,
  `password` tinytext NOT NULL
) ENGINE=InnoDB DEFAULT CHARSET=utf8mb4 COLLATE=utf8mb4_general_ci;

--
-- Dumping data for table `student_user`
--

INSERT INTO `student_user` (`student_user_id`, `student_id`, `password`) VALUES
(3, 1, '202cb962ac59075b964b07152d234b70'),
(4, 2, '92daa86ad43a42f28f4bf58e94667c95'),
(5, 4, '202cb962ac59075b964b07152d234b70'),
(6, 0, 'd41d8cd98f00b204e9800998ecf8427e');

-- --------------------------------------------------------

--
-- Table structure for table `subject`
--

CREATE TABLE `subject` (
  `subject_id` int(8) NOT NULL,
  `subject_code` varchar(8) NOT NULL,
  `subject_name` varchar(60) NOT NULL
) ENGINE=InnoDB DEFAULT CHARSET=utf8mb4 COLLATE=utf8mb4_general_ci;

--
-- Dumping data for table `subject`
--

INSERT INTO `subject` (`subject_id`, `subject_code`, `subject_name`) VALUES
(1, 'CS 403', 'Human Computer Interaction');

--
-- Indexes for dumped tables
--

--
-- Indexes for table `access_role`
--
ALTER TABLE `access_role`
  ADD PRIMARY KEY (`access_role_id`);

--
-- Indexes for table `course`
--
ALTER TABLE `course`
  ADD PRIMARY KEY (`course_id`),
  ADD UNIQUE KEY `course_code` (`course_code`);

--
-- Indexes for table `employee`
--
ALTER TABLE `employee`
  ADD PRIMARY KEY (`employee_id`),
  ADD UNIQUE KEY `employee_number` (`employee_number`);

--
-- Indexes for table `employee_user`
--
ALTER TABLE `employee_user`
  ADD PRIMARY KEY (`employee_user_id`),
  ADD UNIQUE KEY `employee_id` (`employee_id`);

--
-- Indexes for table `grade_remarks`
--
ALTER TABLE `grade_remarks`
  ADD PRIMARY KEY (`grade_remarks_id`);

--
-- Indexes for table `schedule`
--
ALTER TABLE `schedule`
  ADD PRIMARY KEY (`schedule_id`);

--
-- Indexes for table `section`
--
ALTER TABLE `section`
  ADD PRIMARY KEY (`section_id`),
  ADD UNIQUE KEY `section_name` (`section_name`);

--
-- Indexes for table `students`
--
ALTER TABLE `students`
  ADD PRIMARY KEY (`student_id`),
  ADD UNIQUE KEY `student_number` (`student_number`);

--
-- Indexes for table `students_schedule`
--
ALTER TABLE `students_schedule`
  ADD PRIMARY KEY (`student_schedule_id`),
  ADD UNIQUE KEY `student_id` (`student_id`,`schedule_id`);

--
-- Indexes for table `student_user`
--
ALTER TABLE `student_user`
  ADD PRIMARY KEY (`student_user_id`),
  ADD UNIQUE KEY `student_id` (`student_id`);

--
-- Indexes for table `subject`
--
ALTER TABLE `subject`
  ADD PRIMARY KEY (`subject_id`),
  ADD UNIQUE KEY `subject_code` (`subject_code`);

--
-- AUTO_INCREMENT for dumped tables
--

--
-- AUTO_INCREMENT for table `access_role`
--
ALTER TABLE `access_role`
  MODIFY `access_role_id` int(8) NOT NULL AUTO_INCREMENT, AUTO_INCREMENT=5;

--
-- AUTO_INCREMENT for table `course`
--
ALTER TABLE `course`
  MODIFY `course_id` int(11) NOT NULL AUTO_INCREMENT, AUTO_INCREMENT=3;

--
-- AUTO_INCREMENT for table `employee`
--
ALTER TABLE `employee`
  MODIFY `employee_id` int(8) NOT NULL AUTO_INCREMENT, AUTO_INCREMENT=8;

--
-- AUTO_INCREMENT for table `employee_user`
--
ALTER TABLE `employee_user`
  MODIFY `employee_user_id` int(8) NOT NULL AUTO_INCREMENT, AUTO_INCREMENT=18;

--
-- AUTO_INCREMENT for table `grade_remarks`
--
ALTER TABLE `grade_remarks`
  MODIFY `grade_remarks_id` int(8) NOT NULL AUTO_INCREMENT, AUTO_INCREMENT=5;

--
-- AUTO_INCREMENT for table `schedule`
--
ALTER TABLE `schedule`
  MODIFY `schedule_id` int(8) NOT NULL AUTO_INCREMENT, AUTO_INCREMENT=3;

--
-- AUTO_INCREMENT for table `section`
--
ALTER TABLE `section`
  MODIFY `section_id` int(8) NOT NULL AUTO_INCREMENT, AUTO_INCREMENT=4;

--
-- AUTO_INCREMENT for table `students`
--
ALTER TABLE `students`
  MODIFY `student_id` int(8) NOT NULL AUTO_INCREMENT, AUTO_INCREMENT=19;

--
-- AUTO_INCREMENT for table `students_schedule`
--
ALTER TABLE `students_schedule`
  MODIFY `student_schedule_id` int(8) NOT NULL AUTO_INCREMENT, AUTO_INCREMENT=10;

--
-- AUTO_INCREMENT for table `student_user`
--
ALTER TABLE `student_user`
  MODIFY `student_user_id` int(8) NOT NULL AUTO_INCREMENT, AUTO_INCREMENT=8;

--
-- AUTO_INCREMENT for table `subject`
--
ALTER TABLE `subject`
  MODIFY `subject_id` int(8) NOT NULL AUTO_INCREMENT, AUTO_INCREMENT=2;
COMMIT;

/*!40101 SET CHARACTER_SET_CLIENT=@OLD_CHARACTER_SET_CLIENT */;
/*!40101 SET CHARACTER_SET_RESULTS=@OLD_CHARACTER_SET_RESULTS */;
/*!40101 SET COLLATION_CONNECTION=@OLD_COLLATION_CONNECTION */;
